set schema 'oltp';

insert into supplier (supplier_id, company_name, contact_person, "position", "address", city, region, postal_code, country, phone, fax) values (1, 'Trilia', 'eabsalom0@4shared.com', 'Analog Circuit Design manager', '808 Raven Junction', 'Taverny', 'Île-de-France', '95251 CEDEX', 'France', '+33 523 256 2393', '+1 349 931 1907');
insert into supplier (supplier_id, company_name, contact_person, "position", "address", city, region, postal_code, country, phone, fax) values (2, 'Ooba', 'jaudas1@baidu.com', 'Product Engineer', '46011 Glendale Point', 'Bordeaux', 'Aquitaine', '33100', 'France', '+33 717 509 4086', '+86 136 910 1174');
insert into supplier (supplier_id, company_name, contact_person, "position", "address", city, region, postal_code, country, phone, fax) values (3, 'Trudoo', 'lkinrade2@webeden.co.uk', 'Office Assistant I', '3 Jackson Circle', 'Barreiro', 'Viana do Castelo', '4950-642', 'Portugal', '+351 999 749 8159', '+994 182 229 8766');
insert into supplier (supplier_id, company_name, contact_person, "position", "address", city, region, postal_code, country, phone, fax) values (4, 'Brainlounge', 'icords3@mozilla.com', 'Environmental Tech', '47 Evergreen Way', 'La Rochelle', 'Poitou-Charentes', '17024 CEDEX 1', 'France', '+33 798 601 7196', '+86 542 849 2781');
insert into supplier (supplier_id, company_name, contact_person, "position", "address", city, region, postal_code, country, phone, fax) values (5, 'Cogidoo', 'pmacaughtrie4@apple.com', 'Business Systems Development Analyst', '201 Monument Junction', 'Stuttgart', 'Baden-Württemberg', '70567', 'Germany', '+49 133 678 3526', '+64 447 170 4951');
insert into supplier (supplier_id, company_name, contact_person, "position", "address", city, region, postal_code, country, phone, fax) values (6, 'Brainverse', 'jalliban5@pagesperso-orange.fr', 'Social Worker', '36804 Summit Street', 'Hayange', 'Lorraine', '57704 CEDEX', 'France', '+33 333 151 4608', '+63 243 646 0498');
insert into supplier (supplier_id, company_name, contact_person, "position", "address", city, region, postal_code, country, phone, fax) values (7, 'Linkbuzz', 'eschohier6@dropbox.com', 'Account Representative IV', '159 Fisk Crossing', 'Noyon', 'Picardie', '60406 CEDEX', 'France', '+33 505 789 1419', '+55 706 898 5776');
insert into supplier (supplier_id, company_name, contact_person, "position", "address", city, region, postal_code, country, phone, fax) values (8, 'Fivechat', 'mmacneillie7@mtv.com', 'Dental Hygienist', '19269 Red Cloud Park', 'Évry', 'Île-de-France', '91024 CEDEX', 'France', '+33 975 271 6081', '+98 462 948 9456');
insert into supplier (supplier_id, company_name, contact_person, "position", "address", city, region, postal_code, country, phone, fax) values (9, 'Tanoodle', 'pcossor8@globo.com', 'Health Coach I', '311 Arrowood Center', 'Abelheira', 'Lisboa', '2530-063', 'Portugal', '+351 173 198 1495', '+375 226 565 1319');
insert into supplier (supplier_id, company_name, contact_person, "position", "address", city, region, postal_code, country, phone, fax) values (10, 'Eare', 'aivashinnikov9@webeden.co.uk', 'Dental Hygienist', '59 Sundown Road', 'Almada', 'Setúbal', '2800-011', 'Portugal', '+351 208 153 4178', '+7 498 903 1462');
insert into supplier (supplier_id, company_name, contact_person, "position", "address", city, region, postal_code, country, phone, fax) values (11, 'Brainverse', 'woniansa@dell.com', 'Environmental Specialist', '7379 Valley Edge Crossing', 'Berlin', 'Berlin', '12437', 'Germany', '+49 195 112 1408', '+92 956 237 1385');
insert into supplier (supplier_id, company_name, contact_person, "position", "address", city, region, postal_code, country, phone, fax) values (12, 'Skimia', 'cpottb@nifty.com', 'Food Chemist', '21 Hoffman Drive', 'Cabanas de Viriato', 'Viseu', '3430-605', 'Portugal', '+351 644 179 2010', '+55 137 260 1652');
insert into supplier (supplier_id, company_name, contact_person, "position", "address", city, region, postal_code, country, phone, fax) values (13, 'Dazzlesphere', 'tmacleesec@amazon.co.uk', 'General Manager', '1 Butternut Crossing', 'Cabeça Gorda', 'Lisboa', '2530-333', 'Portugal', '+351 711 170 4657', '+86 743 848 3529');
insert into supplier (supplier_id, company_name, contact_person, "position", "address", city, region, postal_code, country, phone, fax) values (14, 'Zoozzy', 'jdegoeyd@economist.com', 'Human Resources Assistant IV', '15 Anniversary Drive', 'Burgau', 'Faro', '8650-104', 'Portugal', '+351 244 372 8335', '+48 723 308 9358');
insert into supplier (supplier_id, company_name, contact_person, "position", "address", city, region, postal_code, country, phone, fax) values (15, 'Yozio', 'apoteburye@indiegogo.com', 'Human Resources Assistant II', '21808 Sheridan Pass', 'Ponta Delgada', 'Ilha de São Miguel', '9500-014', 'Portugal', '+351 413 453 6343', '+55 844 272 6422');

insert into category (category_id, category_name, description) values (1, 'woodwork', 'Ut tellus. Nulla ut erat id mauris vulputate elementum. Nullam varius.');
insert into category (category_id, category_name, description) values (2, 'toys', 'Etiam vel augue.');
insert into category (category_id, category_name, description) values (3, 'furniture', 'Morbi non quam nec dui luctus rutrum. Nulla tellus. In sagittis dui vel nisl.');
insert into category (category_id, category_name, description) values (4, 'tools', 'Etiam vel augue. Vestibulum rutrum rutrum neque.');
insert into category (category_id, category_name, description) values (5, 'vehicles', 'Nulla ut erat id mauris vulputate elementum. Nullam varius. Nulla facilisi.');
insert into category (category_id, category_name, description) values (6, 'foods', 'Nullam molestie nibh in lectus.');
insert into category (category_id, category_name, description) values (7, 'outdoors', 'Curabitur gravida nisi at nibh.');
insert into category (category_id, category_name, description) values (8, 'accessories', 'Lorem ipsum dolor sit amet, consectetuer adipiscing elit. Proin interdum mauris non ligula pellentesque ultrices.');
insert into category (category_id, category_name, description) values (9, 'clothes', 'Nulla justo.');

insert into product (product_id, supplier_id, category_id, product, unit, unit_price, stock_quantity, stock_unit, minimum_quantity, discontinued) values (1, 10, 1, 'planks', 'm', 179, 355, 'm', 47, false);
insert into product (product_id, supplier_id, category_id, product, unit, unit_price, stock_quantity, stock_unit, minimum_quantity, discontinued) values (2, 6, 2, 'playstation', 'kg', 178, 73, 'kg', 66, false);
insert into product (product_id, supplier_id, category_id, product, unit, unit_price, stock_quantity, stock_unit, minimum_quantity, discontinued) values (3, 13, 3, 'kitchen table', 'kg', 477, 458, 'kg', 92, false);
insert into product (product_id, supplier_id, category_id, product, unit, unit_price, stock_quantity, stock_unit, minimum_quantity, discontinued) values (4, 12, 4, 'drill', 'kg', 61, 427, 'kg', 99, false);
insert into product (product_id, supplier_id, category_id, product, unit, unit_price, stock_quantity, stock_unit, minimum_quantity, discontinued) values (5, 11, 5, 'audi', 't', 316, 607, 't', 82, true);
insert into product (product_id, supplier_id, category_id, product, unit, unit_price, stock_quantity, stock_unit, minimum_quantity, discontinued) values (6, 2, 6, 'bread', 'g', 335, 786, 'g', 3, true);
insert into product (product_id, supplier_id, category_id, product, unit, unit_price, stock_quantity, stock_unit, minimum_quantity, discontinued) values (7, 1, 7, 'tent', 'g', 337, 735, 'g', 37, true);
insert into product (product_id, supplier_id, category_id, product, unit, unit_price, stock_quantity, stock_unit, minimum_quantity, discontinued) values (8, 13, 8, 'watch', 'g', 318, 716, 'g', 8, false);
insert into product (product_id, supplier_id, category_id, product, unit, unit_price, stock_quantity, stock_unit, minimum_quantity, discontinued) values (9, 10, 9, 'tshirt-M', 'g', 79, 231, 'g', 39, true);
insert into product (product_id, supplier_id, category_id, product, unit, unit_price, stock_quantity, stock_unit, minimum_quantity, discontinued) values (10, 11, 1, 'bird house', 'kg', 171, 899, 'kg', 39, true);
insert into product (product_id, supplier_id, category_id, product, unit, unit_price, stock_quantity, stock_unit, minimum_quantity, discontinued) values (11, 4, 2, 'xbox', 'kg', 335, 849, 'kg', 56, false);
insert into product (product_id, supplier_id, category_id, product, unit, unit_price, stock_quantity, stock_unit, minimum_quantity, discontinued) values (12, 4, 3, 'couch', 'kg', 256, 906, 'kg', 93, true);
insert into product (product_id, supplier_id, category_id, product, unit, unit_price, stock_quantity, stock_unit, minimum_quantity, discontinued) values (13, 12, 4, 'saw', 'kg', 109, 311, 'kg', 17, true);
insert into product (product_id, supplier_id, category_id, product, unit, unit_price, stock_quantity, stock_unit, minimum_quantity, discontinued) values (14, 13, 5, 'bmw', 't', 159, 922, 't', 85, false);
insert into product (product_id, supplier_id, category_id, product, unit, unit_price, stock_quantity, stock_unit, minimum_quantity, discontinued) values (15, 8, 6, 'milk', 'l', 87, 532, 'l', 80, true);
insert into product (product_id, supplier_id, category_id, product, unit, unit_price, stock_quantity, stock_unit, minimum_quantity, discontinued) values (16, 10, 7, 'insect killer', 'ml', 231, 365, 'ml', 97, true);
insert into product (product_id, supplier_id, category_id, product, unit, unit_price, stock_quantity, stock_unit, minimum_quantity, discontinued) values (17, 9, 8, 'wristband', 'g', 448, 58, 'g', 75, false);
insert into product (product_id, supplier_id, category_id, product, unit, unit_price, stock_quantity, stock_unit, minimum_quantity, discontinued) values (18, 11, 9, 'tshirt-L', 'g', 172, 512, 'g', 63, true);
insert into product (product_id, supplier_id, category_id, product, unit, unit_price, stock_quantity, stock_unit, minimum_quantity, discontinued) values (19, 6, 1, 'shelf', 'kg', 284, 143, 'kg', 13, true);
insert into product (product_id, supplier_id, category_id, product, unit, unit_price, stock_quantity, stock_unit, minimum_quantity, discontinued) values (20, 12, 2, 'switch', 'kg', 122, 935, 'kg', 6, false);
insert into product (product_id, supplier_id, category_id, product, unit, unit_price, stock_quantity, stock_unit, minimum_quantity, discontinued) values (21, 10, 3, 'chair', 'kg', 289, 150, 'kg', 58, true);
insert into product (product_id, supplier_id, category_id, product, unit, unit_price, stock_quantity, stock_unit, minimum_quantity, discontinued) values (22, 3, 4, 'shovel', 'kg', 340, 887, 'kg', 93, false);
insert into product (product_id, supplier_id, category_id, product, unit, unit_price, stock_quantity, stock_unit, minimum_quantity, discontinued) values (23, 4, 5, 'volkswagen', 't', 262, 554, 't', 16, true);
insert into product (product_id, supplier_id, category_id, product, unit, unit_price, stock_quantity, stock_unit, minimum_quantity, discontinued) values (24, 9, 6, 'chockolate', 'g', 152, 39, 'g', 89, false);
insert into product (product_id, supplier_id, category_id, product, unit, unit_price, stock_quantity, stock_unit, minimum_quantity, discontinued) values (25, 12, 7, 'backpack', 'g', 91, 337, 'g', 82, false);
insert into product (product_id, supplier_id, category_id, product, unit, unit_price, stock_quantity, stock_unit, minimum_quantity, discontinued) values (26, 1, 8, 'necklace', 'g', 307, 774, 'g', 29, false);
insert into product (product_id, supplier_id, category_id, product, unit, unit_price, stock_quantity, stock_unit, minimum_quantity, discontinued) values (27, 1, 9, 'tshirt-S', 'g', 255, 29, 'g', 56, false);
insert into product (product_id, supplier_id, category_id, product, unit, unit_price, stock_quantity, stock_unit, minimum_quantity, discontinued) values (28, 5, 1, 'table', 'kg', 436, 890, 'kg', 81, false);
insert into product (product_id, supplier_id, category_id, product, unit, unit_price, stock_quantity, stock_unit, minimum_quantity, discontinued) values (29, 6, 2, 'lego', 'pcs', 449, 637, 'pcs', 2, true);
insert into product (product_id, supplier_id, category_id, product, unit, unit_price, stock_quantity, stock_unit, minimum_quantity, discontinued) values (30, 7, 3, 'drawer', 'kg', 317, 977, 'kg', 67, false);

insert into customer (customer_id, company_name, contact_person, position, "address", city, region, postal_code, country, phone, fax) values (1, 'Meeveo', 'Wallace Blaymires', 'Teacher', '8731 Buena Vista Pass', 'Bouça', 'Porto', '4640-210', 'Portugal', '+351 (992) 850-7901', '+351 (259) 971-4062');
insert into customer (customer_id, company_name, contact_person, position, "address", city, region, postal_code, country, phone, fax) values (2, 'Thoughtstorm', 'Hana Deekes', 'Web Designer IV', '7483 Ryan Junction', 'Mönchengladbach', 'Nordrhein-Westfalen', '41199', 'Germany', '+49 (175) 232-1932', '+27 (285) 745-2483');
insert into customer (customer_id, company_name, contact_person, position, "address", city, region, postal_code, country, phone, fax) values (3, 'Youbridge', 'Gelya Schruyer', 'Account Coordinator', '0495 Truax Place', 'Berlin', 'Berlin', '13599', 'Germany', '+49 (381) 381-1468', '+1 (447) 760-1117');
insert into customer (customer_id, company_name, contact_person, position, "address", city, region, postal_code, country, phone, fax) values (4, 'Wikivu', 'Anabella Mulles', 'Software Consultant', '71617 Wayridge Parkway', 'Stuttgart', 'Baden-Württemberg', '70374', 'Germany', '+49 (803) 543-5181', '+380 (197) 820-2090');
insert into customer (customer_id, company_name, contact_person, position, "address", city, region, postal_code, country, phone, fax) values (5, 'Aimbo', 'Tommy Messiter', 'Administrative Assistant III', '356 Del Mar Parkway', 'Berlin', 'Berlin', '13088', 'Germany', '+49 (379) 938-2225', '+48 (770) 560-7758');
insert into customer (customer_id, company_name, contact_person, position, "address", city, region, postal_code, country, phone, fax) values (6, 'Photojam', 'Katusha Behrend', 'Marketing Assistant', '9817 Ludington Pass', 'Fiais da Beira', 'Coimbra', '3405-077', 'Portugal', '+351 (876) 995-3543', '+48 (481) 247-8119');
insert into customer (customer_id, company_name, contact_person, position, "address", city, region, postal_code, country, phone, fax) values (7, 'Lajo', 'Melisenda Mathissen', 'Data Coordiator', '63 Oakridge Circle', 'Santa Maria do Souto', 'Braga', '4800-260', 'Portugal', '+351 (350) 641-1052', '+63 (437) 414-9299');
insert into customer (customer_id, company_name, contact_person, position, "address", city, region, postal_code, country, phone, fax) values (8, 'Blogspan', 'Karol Tillman', 'Structural Engineer', '01 Loftsgordon Plaza', 'Insua', 'Viana do Castelo', '4930-250', 'Portugal', '+351 (755) 632-9279', '+62 (316) 341-9371');
insert into customer (customer_id, company_name, contact_person, position, "address", city, region, postal_code, country, phone, fax) values (9, 'Zooveo', 'Ludovico Soggee', 'Clinical Specialist', '80 Atwood Parkway', 'Vila Franca', 'Viana do Castelo', '4935-621', 'Portugal', '+351 (651) 590-0414', '+86 (335) 510-3773');
insert into customer (customer_id, company_name, contact_person, position, "address", city, region, postal_code, country, phone, fax) values (10, 'Zoozzy', 'Abelard Kovnot', 'Mechanical Systems Engineer', '727 Continental Center', 'Tapada das Mercês', 'Lisboa', '2725-528', 'Portugal', '+351 (855) 548-2816', '+86 (711) 497-7205');
insert into customer (customer_id, company_name, contact_person, position, "address", city, region, postal_code, country, phone, fax) values (11, 'Edgewire', 'Mirna Misken', 'Senior Editor', '382 Summerview Place', 'Remscheid', 'Nordrhein-Westfalen', '42897', 'Germany', '+49 (811) 479-0711', '+7 (945) 107-2895');
insert into customer (customer_id, company_name, contact_person, position, "address", city, region, postal_code, country, phone, fax) values (12, 'Eare', 'Rhiamon Grossman', 'Community Outreach Specialist', '80726 Claremont Center', 'Olival Basto', 'Lisboa', '2620-005', 'Portugal', '+351 (972) 995-7598', '+48 (326) 628-0269');
insert into customer (customer_id, company_name, contact_person, position, "address", city, region, postal_code, country, phone, fax) values (13, 'Browseblab', 'Flossie Foster-Smith', 'Technical Writer', '966 Tomscot Trail', 'Leipzig', 'Sachsen', '04109', 'Germany', '+49 (705) 540-7489', '+62 (714) 776-0912');
insert into customer (customer_id, company_name, contact_person, position, "address", city, region, postal_code, country, phone, fax) values (14, 'Meevee', 'L;urette Tytler', 'Web Developer II', '8223 Grasskamp Point', 'Valinhos', 'Porto', '4580-389', 'Portugal', '+351 (954) 534-8064', '+52 (952) 669-2994');
insert into customer (customer_id, company_name, contact_person, position, "address", city, region, postal_code, country, phone, fax) values (15, 'Avaveo', 'Joelle De Domenici', 'Food Chemist', '1170 Tennessee Place', 'Biscoitos', 'Ilha de São Jorge', '9850-068', 'Portugal', '+351 (447) 402-0232', '+389 (231) 137-3188');
insert into customer (customer_id, company_name, contact_person, position, "address", city, region, postal_code, country, phone, fax) values (16, 'Photospace', 'Calv Massot', 'Programmer III', '4354 Manley Park', 'Breia', 'Braga', '4830-433', 'Portugal', '+351 (278) 973-1493', '+63 (714) 683-8503');
insert into customer (customer_id, company_name, contact_person, position, "address", city, region, postal_code, country, phone, fax) values (17, 'Photobug', 'Bondy Perrottet', 'Pharmacist', '492 Tony Point', 'Almodôvar', 'Beja', '7700-015', 'Portugal', '+351 (252) 478-8647', '+46 (351) 275-6444');
insert into customer (customer_id, company_name, contact_person, position, "address", city, region, postal_code, country, phone, fax) values (18, 'Yakitri', 'Ricki Clendennen', 'Health Coach I', '361 Clove Center', 'Portela', 'Vila Real', '5050-365', 'Portugal', '+351 (181) 904-8203', '+7 (290) 640-1375');
insert into customer (customer_id, company_name, contact_person, position, "address", city, region, postal_code, country, phone, fax) values (19, 'Dazzlesphere', 'Reuven Allwright', 'Executive Secretary', '4297 Gerald Junction', 'São Marcos da Serra', 'Faro', '8375-254', 'Portugal', '+351 (745) 466-4225', '+1 (865) 819-2560');
insert into customer (customer_id, company_name, contact_person, position, "address", city, region, postal_code, country, phone, fax) values (20, 'Eare', 'Vikki Mounfield', 'Financial Analyst', '0 Donald Pass', 'Fátima', 'Santarém', '2495-555', 'Portugal', '+351 (151) 565-7114', '+63 (291) 884-4615');
insert into customer (customer_id, company_name, contact_person, position, "address", city, region, postal_code, country, phone, fax) values (21, 'Realfire', 'Gabbey Goodwin', 'Graphic Designer', '1602 Northwestern Court', 'Varge Mondar', 'Lisboa', '2635-483', 'Portugal', '+351 (266) 692-8187', '+57 (958) 673-0113');
insert into customer (customer_id, company_name, contact_person, position, "address", city, region, postal_code, country, phone, fax) values (22, 'Trunyx', 'Randie D''eath', 'Registered Nurse', '09 Mandrake Alley', 'Bergen op Zoom', 'Provincie Noord-Brabant', '4609', 'Netherlands', '+31 (210) 131-4793', '+95 (798) 225-6634');
insert into customer (customer_id, company_name, contact_person, position, "address", city, region, postal_code, country, phone, fax) values (23, 'Eidel', 'Jo ann Tilbey', 'Nurse Practicioner', '0 Mesta Hill', 'Várzea da Serra', 'Viseu', '3610-193', 'Portugal', '+351 (785) 709-7275', '+62 (597) 922-5981');
insert into customer (customer_id, company_name, contact_person, position, "address", city, region, postal_code, country, phone, fax) values (24, 'Layo', 'Ardra Meadows', 'Geologist IV', '26769 Superior Terrace', 'Nordeste', 'Ilha de São Miguel', '9630-145', 'Portugal', '+351 (866) 171-4268', '+86 (239) 964-8563');
insert into customer (customer_id, company_name, contact_person, position, "address", city, region, postal_code, country, phone, fax) values (25, 'Rhyloo', 'Svend Kloss', 'Chief Design Engineer', '23 Continental Way', 'Proença-a-Nova', 'Castelo Branco', '6150-405', 'Portugal', '+351 (281) 684-0997', '+237 (513) 654-6500');
insert into customer (customer_id, company_name, contact_person, position, "address", city, region, postal_code, country, phone, fax) values (26, 'Shufflester', 'Rock Skinley', 'Payment Adjustment Coordinator', '2 Dawn Alley', 'Constance', 'Porto', '4635-084', 'Portugal', '+351 (678) 519-6456', '+374 (825) 843-1892');
insert into customer (customer_id, company_name, contact_person, position, "address", city, region, postal_code, country, phone, fax) values (27, 'Dabvine', 'Emmet Doody', 'Analog Circuit Design manager', '00648 Lyons Park', 'Zambujal', 'Lisboa', '2785-549', 'Portugal', '+351 (750) 963-2317', '+7 (606) 143-2378');
insert into customer (customer_id, company_name, contact_person, position, "address", city, region, postal_code, country, phone, fax) values (28, 'Wordpedia', 'Ludovico Maudett', 'Marketing Manager', '462 Lien Plaza', 'Altares', 'Ilha Terceira', '9700-308', 'Portugal', '+351 (352) 724-0525', '+55 (703) 851-0303');
insert into customer (customer_id, company_name, contact_person, position, "address", city, region, postal_code, country, phone, fax) values (29, 'Edgeblab', 'Christian Traill', 'Associate Professor', '3570 Rusk Junction', 'Reguengos de Monsaraz', 'Évora', '7200-252', 'Portugal', '+351 (532) 679-2877', '+7 (624) 846-3718');
insert into customer (customer_id, company_name, contact_person, position, "address", city, region, postal_code, country, phone, fax) values (30, 'Eire', 'Terrye Christescu', 'Research Associate', '7248 Upham Court', 'Voorburg', 'Provincie Zuid-Holland', '2274', 'Netherlands', '+31 (942) 428-4825', '+86 (841) 875-0619');
insert into customer (customer_id, company_name, contact_person, position, "address", city, region, postal_code, country, phone, fax) values (31, 'Eazzy', 'Zack Durak', 'Operator', '69 Huxley Avenue', 'Venda do Valador', 'Lisboa', '2665-299', 'Portugal', '+351 (475) 312-7124', '+86 (587) 633-9187');
insert into customer (customer_id, company_name, contact_person, position, "address", city, region, postal_code, country, phone, fax) values (32, 'Skinder', 'Eugen Lapidus', 'Geological Engineer', '27163 Pepper Wood Terrace', 'Carvalhal Redondo', 'Viseu', '3525-405', 'Portugal', '+351 (739) 166-7429', '+86 (497) 801-3917');
insert into customer (customer_id, company_name, contact_person, position, "address", city, region, postal_code, country, phone, fax) values (33, 'Flashset', 'Zolly Matashkin', 'Pharmacist', '116 Huxley Court', 'Chãos', 'Braga', '4830-813', 'Portugal', '+351 (311) 272-4627', '+351 (778) 830-8888');
insert into customer (customer_id, company_name, contact_person, position, "address", city, region, postal_code, country, phone, fax) values (34, 'Realmix', 'Nikoletta Castelletto', 'Financial Advisor', '347 Coleman Junction', 'Chã', 'Santarém', '2435-091', 'Portugal', '+351 (162) 619-2603', '+20 (563) 846-4084');
insert into customer (customer_id, company_name, contact_person, position, "address", city, region, postal_code, country, phone, fax) values (35, 'Avamba', 'Amerigo Melluish', 'Tax Accountant', '9 Union Parkway', 'München', 'Bayern', '80337', 'Germany', '+49 (805) 221-4342', '+45 (813) 172-9181');
insert into customer (customer_id, company_name, contact_person, position, "address", city, region, postal_code, country, phone, fax) values (36, 'Shufflester', 'Theo Riditch', 'General Manager', '68 Miller Street', 'Fafe', 'Braga', '4820-009', 'Portugal', '+351 (941) 379-5562', '+351 (882) 858-4330');
insert into customer (customer_id, company_name, contact_person, position, "address", city, region, postal_code, country, phone, fax) values (37, 'Yata', 'Dexter Coulthard', 'Social Worker', '8340 Jenifer Parkway', 'Póvoa de Penela', 'Viseu', '3630-354', 'Portugal', '+351 (358) 333-2902', '+54 (297) 509-2104');
insert into customer (customer_id, company_name, contact_person, position, "address", city, region, postal_code, country, phone, fax) values (38, 'Brightbean', 'Elise Croyser', 'Research Assistant II', '722 Lakewood Gardens Lane', 'Vila do Bispo', 'Faro', '8650-409', 'Portugal', '+351 (456) 979-3283', '+7 (348) 255-0081');
insert into customer (customer_id, company_name, contact_person, position, "address", city, region, postal_code, country, phone, fax) values (39, 'Meevee', 'Danie McTaggart', 'Account Coordinator', '2705 Jenifer Circle', 'Lau', 'Setúbal', '2950-127', 'Portugal', '+351 (797) 646-2110', '+30 (524) 185-0382');
insert into customer (customer_id, company_name, contact_person, position, "address", city, region, postal_code, country, phone, fax) values (40, 'Npath', 'Stephana Goudie', 'Payment Adjustment Coordinator', '5 Blue Bill Park Terrace', 'København', 'Region Hovedstaden', '1770', 'Denmark', '+45 (234) 404-6703', '+84 (355) 580-4986');
insert into customer (customer_id, company_name, contact_person, position, "address", city, region, postal_code, country, phone, fax) values (41, 'Rhycero', 'Elga Stavers', 'Biostatistician III', '1652 Oneill Street', 'Santo Amaro', 'Ilha de São Jorge', '9800-325', 'Portugal', '+351 (825) 782-2472', '+62 (607) 406-7114');
insert into customer (customer_id, company_name, contact_person, position, "address", city, region, postal_code, country, phone, fax) values (42, 'Riffpedia', 'Doris Cumesky', 'Food Chemist', '74695 Dunning Center', 'Aachen', 'Nordrhein-Westfalen', '52080', 'Germany', '+49 (623) 237-8869', '+966 (774) 341-1146');
insert into customer (customer_id, company_name, contact_person, position, "address", city, region, postal_code, country, phone, fax) values (43, 'Demimbu', 'Alexia Jachimiak', 'GIS Technical Architect', '15 Bluestem Terrace', 'Vila Boa do Bispo', 'Porto', '4625-644', 'Portugal', '+351 (285) 132-1020', '+86 (465) 201-9262');
insert into customer (customer_id, company_name, contact_person, position, "address", city, region, postal_code, country, phone, fax) values (44, 'Realbuzz', 'Dare Larrett', 'Chief Design Engineer', '7 Golf View Point', 'Pedra Furada', 'Braga', '4755-393', 'Portugal', '+351 (277) 593-2327', '+7 (281) 104-6711');
insert into customer (customer_id, company_name, contact_person, position, "address", city, region, postal_code, country, phone, fax) values (45, 'Eabox', 'Deloria Stainton - Skinn', 'Software Consultant', '441 Clove Trail', 'Köln', 'Nordrhein-Westfalen', '51149', 'Germany', '+49 (102) 486-6793', '+48 (961) 411-0277');

insert into personnel (personnel_id, last_name, first_name, position, date_of_birth, hire_date, "address", city, region, postal_code, country, phone, phone_work, comment, supervisor_id) values (1, 'Kellet', 'Jerald', 'Quality Engineer', '2022-11-20', '2022-09-15', '2792 Hollow Ridge Circle', 'Wetzlar', 'Hessen', '35581', 'Germany', '+49 (252) 965-4362', '+261 (188) 208-8084', 'Nulla justo. Aliquam quis turpis eget elit sodales scelerisque. Mauris sit amet eros.', null);
insert into personnel (personnel_id, last_name, first_name, position, date_of_birth, hire_date, "address", city, region, postal_code, country, phone, phone_work, comment, supervisor_id) values (2, 'Durek', 'Rosanne', 'Speech Pathologist', '2022-08-13', '2023-01-21', '6 Eastlawn Plaza', 'Saarbrücken', 'Saarland', '66119', 'Germany', '+49 (297) 379-4407', '+420 (827) 584-1135', 'Nulla mollis molestie lorem. Quisque ut erat. Curabitur gravida nisi at nibh.', null);
insert into personnel (personnel_id, last_name, first_name, position, date_of_birth, hire_date, "address", city, region, postal_code, country, phone, phone_work, comment, supervisor_id) values (3, 'Narramore', 'Henka', 'Software Consultant', '2022-08-13', '2022-10-31', '344 Sloan Circle', 'Monsanto', 'Castelo Branco', '6060-089', 'Portugal', '+351 (618) 559-2894', '+86 (208) 154-4386', 'Duis at velit eu est congue elementum. In hac habitasse platea dictumst.', null);
insert into personnel (personnel_id, last_name, first_name, position, date_of_birth, hire_date, "address", city, region, postal_code, country, phone, phone_work, comment, supervisor_id) values (4, 'Trodler', 'Kendal', 'Staff Accountant III', '2023-02-20', '2022-10-14', '6174 Bayside Place', 'Bairro dos Marinheiros', 'Setúbal', '2950-691', 'Portugal', '+351 (153) 171-9957', '+33 (235) 691-5547', 'Sed ante. Vivamus tortor.', null);
insert into personnel (personnel_id, last_name, first_name, position, date_of_birth, hire_date, "address", city, region, postal_code, country, phone, phone_work, comment, supervisor_id) values (5, 'McGannon', 'Cathe', 'Community Outreach Specialist', '2022-07-17', '2022-09-12', '812 Merry Junction', 'Zambujeira', 'Lisboa', '2530-327', 'Portugal', '+351 (916) 471-8706', '+385 (122) 649-8846', 'Proin interdum mauris non ligula pellentesque ultrices. Phasellus id sapien in sapien iaculis congue.', 5);
insert into personnel (personnel_id, last_name, first_name, position, date_of_birth, hire_date, "address", city, region, postal_code, country, phone, phone_work, comment, supervisor_id) values (6, 'Giorgione', 'Hewet', 'Sales Associate', '2022-08-09', '2022-11-10', '4370 Dexter Parkway', 'Valtelheiro', 'Bragança', '5350-064', 'Portugal', '+351 (580) 723-4995', '+86 (702) 676-8396', null, null);
insert into personnel (personnel_id, last_name, first_name, position, date_of_birth, hire_date, "address", city, region, postal_code, country, phone, phone_work, comment, supervisor_id) values (7, 'Stacy', 'Inger', 'Software Test Engineer IV', '2022-06-16', '2022-04-01', '09 Maywood Lane', 'Carvalhais', 'Coimbra', '3040-662', 'Portugal', '+351 (135) 408-7297', '+63 (899) 263-6890', 'Fusce lacus purus, aliquet at, feugiat non, pretium quis, lectus.', null);
insert into personnel (personnel_id, last_name, first_name, position, date_of_birth, hire_date, "address", city, region, postal_code, country, phone, phone_work, comment, supervisor_id) values (8, 'Curbishley', 'Zebedee', 'Project Manager', '2022-12-04', '2022-10-10', '84 Bobwhite Circle', 'Bom Sucesso', 'Lisboa', '2615-284', 'Portugal', '+351 (210) 598-1978', '+86 (465) 751-2709', 'Nulla suscipit ligula in lacus.', 8);
insert into personnel (personnel_id, last_name, first_name, position, date_of_birth, hire_date, "address", city, region, postal_code, country, phone, phone_work, comment, supervisor_id) values (9, 'Antonovic', 'Simona', 'Senior Cost Accountant', '2022-12-24', '2022-09-26', '74605 Harper Court', 'Rios Frios', 'Coimbra', '3025-610', 'Portugal', '+351 (241) 414-2146', '+55 (821) 711-1498', null, null);
insert into personnel (personnel_id, last_name, first_name, position, date_of_birth, hire_date, "address", city, region, postal_code, country, phone, phone_work, comment, supervisor_id) values (10, 'MacAloren', 'Tabby', 'Office Assistant I', '2022-05-17', '2023-03-14', '0717 Mandrake Street', 'Rostock', 'Mecklenburg-Vorpommern', '18147', 'Germany', '+49 (647) 492-1748', '+27 (208) 403-0076', 'Suspendisse potenti.', null);
insert into personnel (personnel_id, last_name, first_name, position, date_of_birth, hire_date, "address", city, region, postal_code, country, phone, phone_work, comment, supervisor_id) values (11, 'Olivetti', 'Padget', 'Research Assistant IV', '2022-11-05', '2022-12-29', '9 Wayridge Plaza', 'Pontinha', 'Lisboa', '1675-007', 'Portugal', '+351 (536) 334-7653', '+51 (235) 631-6522', 'Donec diam neque, vestibulum eget, vulputate ut, ultrices vel, augue.', null);
insert into personnel (personnel_id, last_name, first_name, position, date_of_birth, hire_date, "address", city, region, postal_code, country, phone, phone_work, comment, supervisor_id) values (12, 'Scolland', 'Leopold', 'Quality Engineer', '2023-03-10', '2022-06-19', '90782 Lien Circle', 'Odeleite', 'Faro', '8950-355', 'Portugal', '+351 (528) 125-3720', '+86 (560) 423-0262', null, null);
insert into personnel (personnel_id, last_name, first_name, position, date_of_birth, hire_date, "address", city, region, postal_code, country, phone, phone_work, comment, supervisor_id) values (13, 'Simanenko', 'Oralia', 'VP Accounting', '2022-07-12', '2022-09-20', '01008 Boyd Parkway', 'Vinhais', 'Bragança', '5320-305', 'Portugal', '+351 (421) 123-1942', '+230 (605) 151-1462', 'Duis at velit eu est congue elementum. In hac habitasse platea dictumst. Morbi vestibulum, velit id pretium iaculis, diam erat fermentum justo, nec condimentum neque sapien placerat ante.', null);
insert into personnel (personnel_id, last_name, first_name, position, date_of_birth, hire_date, "address", city, region, postal_code, country, phone, phone_work, comment, supervisor_id) values (14, 'Blackford', 'Mordy', 'Sales Associate', '2022-03-20', '2022-05-30', '169 Pine View Trail', 'Zibreira', 'Santarém', '2350-833', 'Portugal', '+351 (839) 917-1027', '+358 (420) 290-5902', 'Proin risus. Praesent lectus.', null);
insert into personnel (personnel_id, last_name, first_name, position, date_of_birth, hire_date, "address", city, region, postal_code, country, phone, phone_work, comment, supervisor_id) values (15, 'Grigolashvill', 'Burton', 'Professor', '2022-12-09', '2023-01-07', '9582 Mendota Park', 'Calvão', 'Aveiro', '3840-045', 'Portugal', '+351 (491) 961-3445', '+1 (423) 934-2587', 'Sed ante.', null);

insert into shipper (shipper_id, company_name) values (1, 'best shipper');
insert into shipper (shipper_id, company_name) values (2, 'excellent shipper');
insert into shipper (shipper_id, company_name) values (3, 'good shipper');

insert into "order" (order_id, customer_id, personnel_id, receiver, address, city, region, postal_code, country, shipper_id, order_date, required_date, shipped_date, freight_cost) values (1, 1, 11, 'Thoughtstorm', '272 Ridgeview Drive', 'Ninove', 'Vlaanderen', '9404', 'Belgium', 3, '2021-03-28', '2021-10-19', '2022-07-05', 240);
insert into "order" (order_id, customer_id, personnel_id, receiver, address, city, region, postal_code, country, shipper_id, order_date, required_date, shipped_date, freight_cost) values (2, 2, 1, 'Tagtune', '3015 Hagan Park', 'Leon', 'Castilla - Leon', '24193', 'Spain', 2, '2021-05-26', '2022-12-02', '2021-06-03', 134);
insert into "order" (order_id, customer_id, personnel_id, receiver, address, city, region, postal_code, country, shipper_id, order_date, required_date, shipped_date, freight_cost) values (3, 3, 5, 'Ntags', '46552 Becker Street', 'Madalena do Mar', 'Ilha da Madeira', '9360-413', 'Portugal', 2, '2021-02-25', '2023-01-23', '2021-10-20', 177);
insert into "order" (order_id, customer_id, personnel_id, receiver, address, city, region, postal_code, country, shipper_id, order_date, required_date, shipped_date, freight_cost) values (4, 4, 12, 'Yodel', '96 Brentwood Trail', 'Antas', 'Lisboa', '2630-224', 'Portugal', 1, '2021-08-22', '2023-01-30', '2022-10-08', 250);
insert into "order" (order_id, customer_id, personnel_id, receiver, address, city, region, postal_code, country, shipper_id, order_date, required_date, shipped_date, freight_cost) values (5, 5, 12, 'Yakijo', '32 Fuller Road', 'Monte de Fralães', 'Braga', '4775-174', 'Portugal', 1, '2021-07-20', '2021-12-23', '2022-04-23', 128);
insert into "order" (order_id, customer_id, personnel_id, receiver, address, city, region, postal_code, country, shipper_id, order_date, required_date, shipped_date, freight_cost) values (6, 6, 6, 'Buzzbean', '437 Hallows Pass', 'Venda do Valador', 'Lisboa', '2665-299', 'Portugal', 1, '2022-07-26', '2022-11-13', '2023-01-22', 128);
insert into "order" (order_id, customer_id, personnel_id, receiver, address, city, region, postal_code, country, shipper_id, order_date, required_date, shipped_date, freight_cost) values (7, 7, 14, 'Janyx', '40225 Melrose Court', 'Valencia', 'Comunidad Valenciana', '46005', 'Spain', 2, '2022-02-14', '2022-12-01', '2023-03-02', 192);
insert into "order" (order_id, customer_id, personnel_id, receiver, address, city, region, postal_code, country, shipper_id, order_date, required_date, shipped_date, freight_cost) values (8, 8, 12, 'Fivespan', '2892 Logan Court', 'Gondomar', 'Braga', '4800-198', 'Portugal', 3, '2021-03-02', '2022-05-10', '2022-10-03', 259);
insert into "order" (order_id, customer_id, personnel_id, receiver, address, city, region, postal_code, country, shipper_id, order_date, required_date, shipped_date, freight_cost) values (9, 9, 5, 'Photobug', '47870 Evergreen Plaza', 'Caldas da Rainha', 'Leiria', '2500-070', 'Portugal', 1, '2021-09-04', '2023-03-21', '2021-12-24', 202);
insert into "order" (order_id, customer_id, personnel_id, receiver, address, city, region, postal_code, country, shipper_id, order_date, required_date, shipped_date, freight_cost) values (10, 10, 14, 'Realblab', '74 Myrtle Terrace', 'Tamel', 'Braga', '4750-040', 'Portugal', 1, '2021-09-30', '2021-10-13', '2022-12-29', 208);
insert into "order" (order_id, customer_id, personnel_id, receiver, address, city, region, postal_code, country, shipper_id, order_date, required_date, shipped_date, freight_cost) values (11, 11, 12, 'Skilith', '31901 Walton Circle', 'Monte da Pedra', 'Portalegre', '7430-315', 'Portugal', 2, '2021-06-05', '2021-11-29', '2023-03-22', 214);
insert into "order" (order_id, customer_id, personnel_id, receiver, address, city, region, postal_code, country, shipper_id, order_date, required_date, shipped_date, freight_cost) values (12, 12, 9, 'Skiba', '7691 Meadow Vale Pass', 'Arnhem', 'Provincie Gelderland', '6804', 'Netherlands', 3, '2021-08-07', '2023-02-24', '2022-06-04', 164);
insert into "order" (order_id, customer_id, personnel_id, receiver, address, city, region, postal_code, country, shipper_id, order_date, required_date, shipped_date, freight_cost) values (13, 13, 9, 'Voonte', '78 David Way', 'Biscoitos', 'Ilha de São Jorge', '9850-068', 'Portugal', 2, '2021-07-31', '2021-10-16', '2021-12-25', 195);
insert into "order" (order_id, customer_id, personnel_id, receiver, address, city, region, postal_code, country, shipper_id, order_date, required_date, shipped_date, freight_cost) values (14, 14, 7, 'Skilith', '997 Hooker Alley', 'Sebadelhe', 'Guarda', '5155-705', 'Portugal', 2, '2022-06-20', '2022-07-05', '2023-03-23', 115);
insert into "order" (order_id, customer_id, personnel_id, receiver, address, city, region, postal_code, country, shipper_id, order_date, required_date, shipped_date, freight_cost) values (15, 15, 12, 'Zoonoodle', '52 Golden Leaf Pass', 'Rio', 'Porto', '4615-424', 'Portugal', 3, '2022-10-24', '2023-05-23', '2022-11-28', 151);
insert into "order" (order_id, customer_id, personnel_id, receiver, address, city, region, postal_code, country, shipper_id, order_date, required_date, shipped_date, freight_cost) values (16, 16, 7, 'Edgeify', '473 Pearson Park', 'Marco de Canaveses', 'Porto', '4630-087', 'Portugal', 2, '2021-09-14', '2022-09-30', '2022-09-03', 156);
insert into "order" (order_id, customer_id, personnel_id, receiver, address, city, region, postal_code, country, shipper_id, order_date, required_date, shipped_date, freight_cost) values (17, 17, 13, 'Skidoo', '8 Porter Drive', 'Quinta do Anjo', 'Setúbal', '2950-538', 'Portugal', 3, '2021-08-17', '2022-05-13', '2021-10-14', 218);
insert into "order" (order_id, customer_id, personnel_id, receiver, address, city, region, postal_code, country, shipper_id, order_date, required_date, shipped_date, freight_cost) values (18, 18, 6, 'Oloo', '86240 Lien Road', 'Carvalhos', 'Viana do Castelo', '4960-349', 'Portugal', 3, '2021-01-16', '2021-02-20', '2022-09-27', 243);
insert into "order" (order_id, customer_id, personnel_id, receiver, address, city, region, postal_code, country, shipper_id, order_date, required_date, shipped_date, freight_cost) values (19, 19, 9, 'Fivespan', '1 Monica Street', 'Aachen', 'Nordrhein-Westfalen', '52080', 'Germany', 2, '2022-01-29', '2022-03-26', '2022-04-05', 174);
insert into "order" (order_id, customer_id, personnel_id, receiver, address, city, region, postal_code, country, shipper_id, order_date, required_date, shipped_date, freight_cost) values (20, 20, 4, 'Dynabox', '4420 New Castle Point', 'Caldas das Taipas', 'Braga', '4805-081', 'Portugal', 3, '2021-10-16', '2023-01-15', '2022-12-10', 107);
insert into "order" (order_id, customer_id, personnel_id, receiver, address, city, region, postal_code, country, shipper_id, order_date, required_date, shipped_date, freight_cost) values (21, 21, 1, 'Gabvine', '7030 Melby Trail', 'Szolnok', 'Jász-Nagykun-Szolnok', '5009', 'Hungary', 1, '2022-05-16', '2022-06-04', '2022-08-29', 232);
insert into "order" (order_id, customer_id, personnel_id, receiver, address, city, region, postal_code, country, shipper_id, order_date, required_date, shipped_date, freight_cost) values (22, 22, 5, 'Meembee', '9 Caliangt Junction', 'Roriz', 'Porto', '4795-193', 'Portugal', 3, '2021-05-24', '2021-08-28', '2023-01-30', 154);
insert into "order" (order_id, customer_id, personnel_id, receiver, address, city, region, postal_code, country, shipper_id, order_date, required_date, shipped_date, freight_cost) values (23, 23, 7, 'Feedfire', '68 Mallard Plaza', 'Charneca da Cotovia', 'Setúbal', '2970-833', 'Portugal', 3, '2021-12-09', '2022-09-26', '2023-02-23', 247);
insert into "order" (order_id, customer_id, personnel_id, receiver, address, city, region, postal_code, country, shipper_id, order_date, required_date, shipped_date, freight_cost) values (24, 24, 3, 'Vinder', '59609 Kingsford Plaza', 'Passos', 'Viana do Castelo', '4990-770', 'Portugal', 3, '2021-10-30', '2022-07-09', '2023-02-07', 182);
insert into "order" (order_id, customer_id, personnel_id, receiver, address, city, region, postal_code, country, shipper_id, order_date, required_date, shipped_date, freight_cost) values (25, 25, 10, 'Thoughtmix', '0 Fuller Drive', 'Berlin', 'Berlin', '10823', 'Germany', 1, '2021-02-18', '2022-09-18', '2022-11-15', 138);
insert into "order" (order_id, customer_id, personnel_id, receiver, address, city, region, postal_code, country, shipper_id, order_date, required_date, shipped_date, freight_cost) values (26, 26, 3, 'Bubbletube', '4602 Donald Park', 'Firenze', 'Toscana', '50124', 'Italy', 1, '2021-02-05', '2022-05-03', '2021-08-15', 174);
insert into "order" (order_id, customer_id, personnel_id, receiver, address, city, region, postal_code, country, shipper_id, order_date, required_date, shipped_date, freight_cost) values (27, 27, 9, 'Agimba', '46 Declaration Parkway', 'Seara', 'Braga', '4845-028', 'Portugal', 1, '2022-07-29', '2023-02-15', '2022-09-07', 256);
insert into "order" (order_id, customer_id, personnel_id, receiver, address, city, region, postal_code, country, shipper_id, order_date, required_date, shipped_date, freight_cost) values (28, 28, 4, 'Dazzlesphere', '3 Valley Edge Terrace', 'Stuttgart', 'Baden-Württemberg', '70374', 'Germany', 1, '2021-02-04', '2022-11-14', '2022-08-18', 159);
insert into "order" (order_id, customer_id, personnel_id, receiver, address, city, region, postal_code, country, shipper_id, order_date, required_date, shipped_date, freight_cost) values (29, 29, 10, 'Brainverse', '4 Little Fleur Way', 'Roermond', 'Provincie Limburg', '6044', 'Netherlands', 1, '2021-06-22', '2021-07-31', '2022-09-16', 212);
insert into "order" (order_id, customer_id, personnel_id, receiver, address, city, region, postal_code, country, shipper_id, order_date, required_date, shipped_date, freight_cost) values (30, 30, 1, 'Kwinu', '116 Briar Crest Place', 'São Pedro', 'Coimbra', '3090-748', 'Portugal', 1, '2021-10-02', '2021-11-14', '2022-04-19', 146);
insert into "order" (order_id, customer_id, personnel_id, receiver, address, city, region, postal_code, country, shipper_id, order_date, required_date, shipped_date, freight_cost) values (31, 31, 7, 'Voolith', '1 Russell Lane', 'Houten', 'Provincie Utrecht', '3994', 'Netherlands', 2, '2021-04-28', '2021-07-12', '2022-02-03', 220);
insert into "order" (order_id, customer_id, personnel_id, receiver, address, city, region, postal_code, country, shipper_id, order_date, required_date, shipped_date, freight_cost) values (32, 32, 4, 'Jatri', '7266 Elgar Park', 'Apeldoorn', 'Provincie Gelderland', '7319', 'Netherlands', 1, '2021-08-25', '2023-01-05', '2022-11-11', 122);
insert into "order" (order_id, customer_id, personnel_id, receiver, address, city, region, postal_code, country, shipper_id, order_date, required_date, shipped_date, freight_cost) values (33, 33, 4, 'Innojam', '603 Delaware Plaza', 'Bologna', 'Emilia-Romagna', '40141', 'Italy', 2, '2022-03-13', '2023-01-12', '2023-01-21', 198);
insert into "order" (order_id, customer_id, personnel_id, receiver, address, city, region, postal_code, country, shipper_id, order_date, required_date, shipped_date, freight_cost) values (34, 34, 8, 'Realmix', '0 Manitowish Street', 'Albergaria', 'Coimbra', '3040-555', 'Portugal', 3, '2021-03-15', '2022-07-24', '2021-08-09', 244);
insert into "order" (order_id, customer_id, personnel_id, receiver, address, city, region, postal_code, country, shipper_id, order_date, required_date, shipped_date, freight_cost) values (35, 35, 7, 'Shufflebeat', '17 Hayes Court', 'Guimarei', 'Porto', '4825-171', 'Portugal', 3, '2021-08-02', '2021-11-18', '2022-10-12', 245);
insert into "order" (order_id, customer_id, personnel_id, receiver, address, city, region, postal_code, country, shipper_id, order_date, required_date, shipped_date, freight_cost) values (36, 36, 8, 'Flipbug', '8834 Mosinee Parkway', 'Lau', 'Setúbal', '2950-127', 'Portugal', 2, '2021-01-01', '2021-06-23', '2021-06-22', 123);
insert into "order" (order_id, customer_id, personnel_id, receiver, address, city, region, postal_code, country, shipper_id, order_date, required_date, shipped_date, freight_cost) values (37, 37, 7, 'Yodel', '46 Hovde Street', 'Miskolc', 'Borsod-Abaúj-Zemplén', '3543', 'Hungary', 3, '2021-10-19', '2022-10-23', '2022-05-21', 136);
insert into "order" (order_id, customer_id, personnel_id, receiver, address, city, region, postal_code, country, shipper_id, order_date, required_date, shipped_date, freight_cost) values (38, 38, 12, 'Vipe', '30959 Barnett Avenue', 'Maia', 'Ilha de São Miguel', '9625-325', 'Portugal', 2, '2022-02-23', '2022-04-06', '2022-06-29', 147);
insert into "order" (order_id, customer_id, personnel_id, receiver, address, city, region, postal_code, country, shipper_id, order_date, required_date, shipped_date, freight_cost) values (39, 39, 1, 'Edgetag', '063 South Way', 'Logroño', 'La Rioja', '26070', 'Spain', 3, '2021-02-09', '2022-06-25', '2021-06-18', 161);
insert into "order" (order_id, customer_id, personnel_id, receiver, address, city, region, postal_code, country, shipper_id, order_date, required_date, shipped_date, freight_cost) values (40, 40, 10, 'Plajo', '3 Riverside Drive', 'Mönchengladbach', 'Nordrhein-Westfalen', '41199', 'Germany', 1, '2021-09-20', '2022-12-12', '2022-03-04', 157);
insert into "order" (order_id, customer_id, personnel_id, receiver, address, city, region, postal_code, country, shipper_id, order_date, required_date, shipped_date, freight_cost) values (41, 41, 8, 'Kare', '24 Bartelt Crossing', 'Vila de Rei', 'Castelo Branco', '6110-176', 'Portugal', 2, '2022-01-05', '2022-03-10', '2022-11-28', 234);
insert into "order" (order_id, customer_id, personnel_id, receiver, address, city, region, postal_code, country, shipper_id, order_date, required_date, shipped_date, freight_cost) values (42, 42, 12, 'Photojam', '8 Chive Hill', 'Foros do Trapo', 'Setúbal', '2985-129', 'Portugal', 2, '2021-06-14', '2022-06-23', '2021-11-15', 137);
insert into "order" (order_id, customer_id, personnel_id, receiver, address, city, region, postal_code, country, shipper_id, order_date, required_date, shipped_date, freight_cost) values (43, 43, 1, 'Zoomzone', '49 Dennis Road', 'Flor da Mata', 'Setúbal', '2840-707', 'Portugal', 1, '2021-03-11', '2021-09-28', '2021-11-09', 227);
insert into "order" (order_id, customer_id, personnel_id, receiver, address, city, region, postal_code, country, shipper_id, order_date, required_date, shipped_date, freight_cost) values (44, 44, 14, 'Shuffledrive', '56 East Lane', 'Vila Franca da Beira', 'Coimbra', '3405-605', 'Portugal', 1, '2021-08-04', '2022-06-24', '2022-09-14', 213);
insert into "order" (order_id, customer_id, personnel_id, receiver, address, city, region, postal_code, country, shipper_id, order_date, required_date, shipped_date, freight_cost) values (45, 45, 14, 'Gigaclub', '911 Crownhardt Point', 'Souto', 'Porto', '4600-661', 'Portugal', 2, '2021-07-27', '2023-03-13', '2023-02-20', 244);
insert into "order" (order_id, customer_id, personnel_id, receiver, address, city, region, postal_code, country, shipper_id, order_date, required_date, shipped_date, freight_cost) values (46, 1, 13, 'Nlounge', '8 Sugar Lane', 'Cotovia', 'Setúbal', '2970-294', 'Portugal', 3, '2022-08-28', '2023-02-24', '2023-01-09', 174);
insert into "order" (order_id, customer_id, personnel_id, receiver, address, city, region, postal_code, country, shipper_id, order_date, required_date, shipped_date, freight_cost) values (47, 2, 13, 'Quimm', '09 Drewry Trail', 'Cavadas', 'Aveiro', '4505-569', 'Portugal', 3, '2022-02-12', '2022-05-25', '2022-08-11', 121);
insert into "order" (order_id, customer_id, personnel_id, receiver, address, city, region, postal_code, country, shipper_id, order_date, required_date, shipped_date, freight_cost) values (48, 3, 12, 'Chatterbridge', '79 Sutteridge Drive', 'Alcanena', 'Santarém', '2380-015', 'Portugal', 1, '2021-09-06', '2022-04-05', '2022-07-21', 247);
insert into "order" (order_id, customer_id, personnel_id, receiver, address, city, region, postal_code, country, shipper_id, order_date, required_date, shipped_date, freight_cost) values (49, 4, 6, 'Kwinu', '64410 Waxwing Place', 'Atalaia', 'Lisboa', '2530-009', 'Portugal', 1, '2021-04-13', '2022-08-13', '2021-07-30', 250);
insert into "order" (order_id, customer_id, personnel_id, receiver, address, city, region, postal_code, country, shipper_id, order_date, required_date, shipped_date, freight_cost) values (50, 5, 12, 'Kwilith', '36 Little Fleur Park', 'Donim', 'Braga', '4805-178', 'Portugal', 2, '2021-07-09', '2022-01-21', '2022-04-17', 189);
insert into "order" (order_id, customer_id, personnel_id, receiver, address, city, region, postal_code, country, shipper_id, order_date, required_date, shipped_date, freight_cost) values (51, 6, 11, 'Janyx', '620 Loftsgordon Drive', 'Arnoia', 'Braga', '4890-055', 'Portugal', 3, '2021-08-14', '2022-07-24', '2023-01-12', 170);
insert into "order" (order_id, customer_id, personnel_id, receiver, address, city, region, postal_code, country, shipper_id, order_date, required_date, shipped_date, freight_cost) values (52, 7, 3, 'Leexo', '1 Ridgeview Crossing', 'Couço', 'Santarém', '2100-309', 'Portugal', 3, '2022-07-29', '2022-08-21', '2022-11-21', 195);
insert into "order" (order_id, customer_id, personnel_id, receiver, address, city, region, postal_code, country, shipper_id, order_date, required_date, shipped_date, freight_cost) values (53, 8, 15, 'Rhycero', '6248 Moulton Pass', 'Vale', 'Aveiro', '4525-406', 'Portugal', 3, '2021-06-16', '2021-11-04', '2022-01-27', 173);
insert into "order" (order_id, customer_id, personnel_id, receiver, address, city, region, postal_code, country, shipper_id, order_date, required_date, shipped_date, freight_cost) values (54, 9, 12, 'Yadel', '17704 Ilene Center', 'Setúbal', 'Setúbal', '2900-005', 'Portugal', 1, '2021-04-12', '2021-07-06', '2022-05-24', 257);
insert into "order" (order_id, customer_id, personnel_id, receiver, address, city, region, postal_code, country, shipper_id, order_date, required_date, shipped_date, freight_cost) values (55, 10, 5, 'Vinte', '70242 Linden Park', 'Arcena Pequena', 'Lisboa', '2615-266', 'Portugal', 2, '2021-05-12', '2022-04-19', '2022-12-16', 139);
insert into "order" (order_id, customer_id, personnel_id, receiver, address, city, region, postal_code, country, shipper_id, order_date, required_date, shipped_date, freight_cost) values (56, 11, 1, 'Roodel', '5498 Summerview Trail', 'Passos', 'Braga', '4710-730', 'Portugal', 1, '2021-04-18', '2021-09-16', '2023-01-08', 151);
insert into "order" (order_id, customer_id, personnel_id, receiver, address, city, region, postal_code, country, shipper_id, order_date, required_date, shipped_date, freight_cost) values (57, 12, 5, 'Wordtune', '71789 Washington Circle', 'Sabugal', 'Guarda', '6320-315', 'Portugal', 3, '2021-12-15', '2022-11-26', '2022-07-24', 187);
insert into "order" (order_id, customer_id, personnel_id, receiver, address, city, region, postal_code, country, shipper_id, order_date, required_date, shipped_date, freight_cost) values (58, 13, 10, 'Voonte', '70347 Hudson Circle', 'Seixas', 'Coimbra', '3405-400', 'Portugal', 2, '2021-02-18', '2022-10-22', '2023-04-02', 130);
insert into "order" (order_id, customer_id, personnel_id, receiver, address, city, region, postal_code, country, shipper_id, order_date, required_date, shipped_date, freight_cost) values (59, 14, 12, 'Jetwire', '911 Melody Hill', 'Utrecht (stad)', 'Provincie Utrecht', '3502', 'Netherlands', 1, '2021-11-07', '2022-10-27', '2022-10-20', 114);
insert into "order" (order_id, customer_id, personnel_id, receiver, address, city, region, postal_code, country, shipper_id, order_date, required_date, shipped_date, freight_cost) values (60, 15, 12, 'Snaptags', '5 Birchwood Drive', 'Santa Bárbara de Padrões', 'Beja', '7780-460', 'Portugal', 2, '2021-07-04', '2021-09-14', '2021-12-31', 171);
insert into "order" (order_id, customer_id, personnel_id, receiver, address, city, region, postal_code, country, shipper_id, order_date, required_date, shipped_date, freight_cost) values (61, 16, 5, 'Oyope', '39652 High Crossing Court', 'Antas', 'Viseu', '3630-014', 'Portugal', 3, '2021-04-03', '2022-04-30', '2021-09-24', 187);
insert into "order" (order_id, customer_id, personnel_id, receiver, address, city, region, postal_code, country, shipper_id, order_date, required_date, shipped_date, freight_cost) values (62, 17, 5, 'Ooba', '6 Hoffman Place', 'Aston', 'England', 'TF6', 'United Kingdom', 2, '2022-05-03', '2022-07-18', '2022-11-02', 200);
insert into "order" (order_id, customer_id, personnel_id, receiver, address, city, region, postal_code, country, shipper_id, order_date, required_date, shipped_date, freight_cost) values (63, 18, 7, 'Shufflebeat', '04 Dottie Circle', 'Bicas', 'Santarém', '2205-496', 'Portugal', 3, '2021-09-24', '2022-03-07', '2022-03-03', 241);
insert into "order" (order_id, customer_id, personnel_id, receiver, address, city, region, postal_code, country, shipper_id, order_date, required_date, shipped_date, freight_cost) values (64, 19, 12, 'Jetpulse', '1570 Quincy Terrace', 'Olhão', 'Faro', '8700-156', 'Portugal', 3, '2021-03-14', '2023-02-09', '2022-02-09', 132);
insert into "order" (order_id, customer_id, personnel_id, receiver, address, city, region, postal_code, country, shipper_id, order_date, required_date, shipped_date, freight_cost) values (65, 20, 10, 'Devpulse', '0 Helena Crossing', 'Brampton', 'England', 'NR34', 'United Kingdom', 1, '2021-09-10', '2022-11-07', '2022-09-05', 104);
insert into "order" (order_id, customer_id, personnel_id, receiver, address, city, region, postal_code, country, shipper_id, order_date, required_date, shipped_date, freight_cost) values (66, 21, 4, 'Mudo', '66340 Carey Center', 'Montemor-o-Velho', 'Coimbra', '3140-253', 'Portugal', 1, '2021-02-08', '2022-08-19', '2021-04-22', 153);
insert into "order" (order_id, customer_id, personnel_id, receiver, address, city, region, postal_code, country, shipper_id, order_date, required_date, shipped_date, freight_cost) values (67, 22, 15, 'Jayo', '4362 Forster Place', 'Silgueiros', 'Viseu', '3515-626', 'Portugal', 3, '2022-01-02', '2022-06-05', '2022-10-25', 224);
insert into "order" (order_id, customer_id, personnel_id, receiver, address, city, region, postal_code, country, shipper_id, order_date, required_date, shipped_date, freight_cost) values (68, 23, 9, 'Gigaclub', '9408 Dahle Junction', 'Sebadelhe', 'Guarda', '5155-705', 'Portugal', 2, '2021-08-27', '2022-06-26', '2022-10-13', 122);
insert into "order" (order_id, customer_id, personnel_id, receiver, address, city, region, postal_code, country, shipper_id, order_date, required_date, shipped_date, freight_cost) values (69, 24, 6, 'Fivechat', '4859 Monterey Avenue', 'Seaton', 'England', 'LE15', 'United Kingdom', 3, '2021-09-15', '2022-07-14', '2022-09-03', 116);
insert into "order" (order_id, customer_id, personnel_id, receiver, address, city, region, postal_code, country, shipper_id, order_date, required_date, shipped_date, freight_cost) values (70, 25, 2, 'Voonder', '3 Packers Alley', 'Rosais', 'Ilha de São Jorge', '9800-226', 'Portugal', 1, '2021-05-09', '2022-04-12', '2021-11-22', 196);
insert into "order" (order_id, customer_id, personnel_id, receiver, address, city, region, postal_code, country, shipper_id, order_date, required_date, shipped_date, freight_cost) values (71, 26, 13, 'Kanoodle', '1 Ilene Center', 'Nijmegen', 'Provincie Gelderland', '6519', 'Netherlands', 1, '2021-05-28', '2022-02-25', '2022-08-06', 163);
insert into "order" (order_id, customer_id, personnel_id, receiver, address, city, region, postal_code, country, shipper_id, order_date, required_date, shipped_date, freight_cost) values (72, 27, 1, 'Oozz', '20 Harper Point', 'Lameiro', 'Leiria', '2425-317', 'Portugal', 2, '2021-05-17', '2022-08-02', '2023-03-26', 253);
insert into "order" (order_id, customer_id, personnel_id, receiver, address, city, region, postal_code, country, shipper_id, order_date, required_date, shipped_date, freight_cost) values (73, 28, 11, 'Blogtag', '5 Melody Street', 'Aranhas', 'Castelo Branco', '6090-215', 'Portugal', 2, '2021-06-19', '2021-11-17', '2022-07-14', 252);
insert into "order" (order_id, customer_id, personnel_id, receiver, address, city, region, postal_code, country, shipper_id, order_date, required_date, shipped_date, freight_cost) values (74, 29, 2, 'Skiba', '759 Hoffman Lane', 'Tarragona', 'Cataluna', '43071', 'Spain', 2, '2021-07-22', '2022-11-13', '2021-10-05', 165);
insert into "order" (order_id, customer_id, personnel_id, receiver, address, city, region, postal_code, country, shipper_id, order_date, required_date, shipped_date, freight_cost) values (75, 30, 3, 'Mydeo', '85 Florence Drive', 'Leidschendam', 'Provincie Zuid-Holland', '2264', 'Netherlands', 3, '2021-12-24', '2022-11-18', '2022-05-21', 167);
insert into "order" (order_id, customer_id, personnel_id, receiver, address, city, region, postal_code, country, shipper_id, order_date, required_date, shipped_date, freight_cost) values (76, 31, 3, 'Wikibox', '632 Aberg Center', 'Ribeiro', 'Viana do Castelo', '4950-719', 'Portugal', 1, '2022-07-01', '2022-09-10', '2023-01-18', 222);
insert into "order" (order_id, customer_id, personnel_id, receiver, address, city, region, postal_code, country, shipper_id, order_date, required_date, shipped_date, freight_cost) values (77, 32, 4, 'Muxo', '1 Daystar Park', 'Ferreiros', 'Leiria', '2420-316', 'Portugal', 1, '2021-04-19', '2022-04-11', '2022-11-24', 118);
insert into "order" (order_id, customer_id, personnel_id, receiver, address, city, region, postal_code, country, shipper_id, order_date, required_date, shipped_date, freight_cost) values (78, 33, 4, 'Tagtune', '2 Northview Trail', 'São João das Lampas', 'Lisboa', '2705-785', 'Portugal', 3, '2021-10-06', '2022-09-03', '2022-04-15', 100);
insert into "order" (order_id, customer_id, personnel_id, receiver, address, city, region, postal_code, country, shipper_id, order_date, required_date, shipped_date, freight_cost) values (79, 34, 3, 'Chatterpoint', '80 Russell Pass', 'Caldelas', 'Leiria', '2420-055', 'Portugal', 3, '2021-02-03', '2022-09-25', '2022-08-08', 107);
insert into "order" (order_id, customer_id, personnel_id, receiver, address, city, region, postal_code, country, shipper_id, order_date, required_date, shipped_date, freight_cost) values (80, 35, 5, 'Livepath', '982 Basil Circle', 'Sobral', 'Lisboa', '2530-285', 'Portugal', 2, '2021-01-27', '2021-11-26', '2023-01-23', 234);
insert into "order" (order_id, customer_id, personnel_id, receiver, address, city, region, postal_code, country, shipper_id, order_date, required_date, shipped_date, freight_cost) values (81, 36, 7, 'Tambee', '881 Swallow Street', 'Antas', 'Braga', '4760-018', 'Portugal', 1, '2021-06-04', '2021-11-08', '2023-01-15', 143);
insert into "order" (order_id, customer_id, personnel_id, receiver, address, city, region, postal_code, country, shipper_id, order_date, required_date, shipped_date, freight_cost) values (82, 37, 4, 'Topdrive', '693 Ridge Oak Avenue', 'Pedra', 'Viana do Castelo', '4980-782', 'Portugal', 3, '2021-06-25', '2022-11-01', '2022-07-04', 175);
insert into "order" (order_id, customer_id, personnel_id, receiver, address, city, region, postal_code, country, shipper_id, order_date, required_date, shipped_date, freight_cost) values (83, 38, 15, 'Realbuzz', '6 Basil Way', 'Madrid', 'Madrid', '28015', 'Spain', 1, '2021-05-30', '2021-10-14', '2021-11-15', 206);
insert into "order" (order_id, customer_id, personnel_id, receiver, address, city, region, postal_code, country, shipper_id, order_date, required_date, shipped_date, freight_cost) values (84, 39, 4, 'Skajo', '2703 Ohio Alley', 'Sarilhos Grandes', 'Setúbal', '2870-514', 'Portugal', 3, '2021-10-02', '2023-03-09', '2022-09-02', 121);
insert into "order" (order_id, customer_id, personnel_id, receiver, address, city, region, postal_code, country, shipper_id, order_date, required_date, shipped_date, freight_cost) values (85, 40, 8, 'Blogpad', '56 Novick Pass', 'Sobral', 'Viana do Castelo', '4990-585', 'Portugal', 1, '2021-04-24', '2023-02-01', '2022-08-18', 216);
insert into "order" (order_id, customer_id, personnel_id, receiver, address, city, region, postal_code, country, shipper_id, order_date, required_date, shipped_date, freight_cost) values (86, 41, 9, 'Gigashots', '53466 Sutteridge Street', 'Ferreiros', 'Braga', '4720-028', 'Portugal', 2, '2021-03-15', '2023-02-25', '2022-08-27', 137);
insert into "order" (order_id, customer_id, personnel_id, receiver, address, city, region, postal_code, country, shipper_id, order_date, required_date, shipped_date, freight_cost) values (87, 42, 3, 'Gabspot', '63 Shoshone Trail', 'Murça', 'Guarda', '5155-505', 'Portugal', 2, '2021-04-13', '2021-08-25', '2023-02-28', 146);
insert into "order" (order_id, customer_id, personnel_id, receiver, address, city, region, postal_code, country, shipper_id, order_date, required_date, shipped_date, freight_cost) values (88, 43, 4, 'Thoughtblab', '8186 Arkansas Circle', 'Capela', 'Porto', '4620-297', 'Portugal', 3, '2022-07-04', '2022-09-12', '2022-11-25', 215);
insert into "order" (order_id, customer_id, personnel_id, receiver, address, city, region, postal_code, country, shipper_id, order_date, required_date, shipped_date, freight_cost) values (89, 44, 3, 'Katz', '0963 East Terrace', 'Lelystad', 'Provincie Flevoland', '8214', 'Netherlands', 2, '2021-05-21', '2022-03-21', '2022-08-31', 162);
insert into "order" (order_id, customer_id, personnel_id, receiver, address, city, region, postal_code, country, shipper_id, order_date, required_date, shipped_date, freight_cost) values (90, 45, 14, 'Quatz', '580 Pankratz Lane', 'Pedreira', 'Coimbra', '3220-313', 'Portugal', 3, '2021-08-05', '2022-10-31', '2021-08-30', 206);
insert into "order" (order_id, customer_id, personnel_id, receiver, address, city, region, postal_code, country, shipper_id, order_date, required_date, shipped_date, freight_cost) values (91, 1, 15, 'Riffwire', '21 Portage Terrace', 'Mirões', 'Aveiro', '3700-622', 'Portugal', 2, '2021-07-26', '2023-02-11', '2023-02-20', 160);
insert into "order" (order_id, customer_id, personnel_id, receiver, address, city, region, postal_code, country, shipper_id, order_date, required_date, shipped_date, freight_cost) values (92, 2, 15, 'Eidel', '65838 Debs Road', 'Marteleira', 'Lisboa', '2530-342', 'Portugal', 1, '2021-06-05', '2022-08-12', '2022-06-12', 199);
insert into "order" (order_id, customer_id, personnel_id, receiver, address, city, region, postal_code, country, shipper_id, order_date, required_date, shipped_date, freight_cost) values (93, 3, 15, 'Thoughtblab', '51 Grover Park', 'Mestre', 'Veneto', '30175', 'Italy', 2, '2021-10-10', '2021-11-07', '2022-09-16', 230);
insert into "order" (order_id, customer_id, personnel_id, receiver, address, city, region, postal_code, country, shipper_id, order_date, required_date, shipped_date, freight_cost) values (94, 4, 1, 'Zoomdog', '6 Longview Street', 'Milano', 'Lombardia', '20125', 'Italy', 1, '2022-02-26', '2023-03-14', '2022-12-28', 263);
insert into "order" (order_id, customer_id, personnel_id, receiver, address, city, region, postal_code, country, shipper_id, order_date, required_date, shipped_date, freight_cost) values (95, 5, 13, 'Brightdog', '61 Merrick Street', 'Novais', 'Braga', '4765-122', 'Portugal', 3, '2021-02-28', '2022-05-12', '2021-08-10', 181);
insert into "order" (order_id, customer_id, personnel_id, receiver, address, city, region, postal_code, country, shipper_id, order_date, required_date, shipped_date, freight_cost) values (96, 6, 9, 'Zoomdog', '07380 3rd Center', 'Oliveira', 'Braga', '4750-584', 'Portugal', 3, '2021-12-17', '2022-07-13', '2022-06-23', 265);
insert into "order" (order_id, customer_id, personnel_id, receiver, address, city, region, postal_code, country, shipper_id, order_date, required_date, shipped_date, freight_cost) values (97, 7, 3, 'Geba', '58279 Randy Road', 'Santa Cruz', 'Ilha da Madeira', '9100-153', 'Portugal', 1, '2021-09-25', '2021-12-25', '2022-03-22', 111);
insert into "order" (order_id, customer_id, personnel_id, receiver, address, city, region, postal_code, country, shipper_id, order_date, required_date, shipped_date, freight_cost) values (98, 8, 5, 'Youopia', '51 Mosinee Street', 'Bilhó', 'Vila Real', '4880-076', 'Portugal', 3, '2021-05-16', '2022-04-19', '2022-09-25', 230);
insert into "order" (order_id, customer_id, personnel_id, receiver, address, city, region, postal_code, country, shipper_id, order_date, required_date, shipped_date, freight_cost) values (99, 9, 2, 'Eare', '225 Elgar Place', 'Albacete', 'Castilla - La Mancha', '02005', 'Spain', 1, '2021-02-15', '2023-02-01', '2022-01-23', 148);
insert into "order" (order_id, customer_id, personnel_id, receiver, address, city, region, postal_code, country, shipper_id, order_date, required_date, shipped_date, freight_cost) values (100, 10, 10, 'Jayo', '622 Express Trail', 'Figueira dos Cavaleiros', 'Beja', '7900-234', 'Portugal', 2, '2021-04-15', '2021-10-19', '2023-01-06', 133);
insert into "order" (order_id, customer_id, personnel_id, receiver, address, city, region, postal_code, country, shipper_id, order_date, required_date, shipped_date, freight_cost) values (101, 11, 3, 'Kwilith', '1 Cherokee Avenue', 'Caldas da Felgueira', 'Viseu', '3525-205', 'Portugal', 3, '2021-04-12', '2021-10-21', '2021-08-04', 216);
insert into "order" (order_id, customer_id, personnel_id, receiver, address, city, region, postal_code, country, shipper_id, order_date, required_date, shipped_date, freight_cost) values (102, 12, 14, 'Eire', '766 Pepper Wood Alley', 'Paderne', 'Faro', '8200-510', 'Portugal', 2, '2021-04-26', '2023-02-20', '2021-05-03', 214);
insert into "order" (order_id, customer_id, personnel_id, receiver, address, city, region, postal_code, country, shipper_id, order_date, required_date, shipped_date, freight_cost) values (103, 13, 14, 'Rhyloo', '8230 Artisan Plaza', 'Seixo de Manhoses', 'Bragança', '5360-185', 'Portugal', 2, '2021-05-06', '2021-11-29', '2022-05-31', 148);
insert into "order" (order_id, customer_id, personnel_id, receiver, address, city, region, postal_code, country, shipper_id, order_date, required_date, shipped_date, freight_cost) values (104, 14, 4, 'Voonder', '197 Little Fleur Point', 'Fornos', 'Bragança', '5180-015', 'Portugal', 3, '2022-04-26', '2023-01-19', '2022-08-11', 226);
insert into "order" (order_id, customer_id, personnel_id, receiver, address, city, region, postal_code, country, shipper_id, order_date, required_date, shipped_date, freight_cost) values (105, 15, 2, 'Divape', '9531 Oak Valley Alley', 'Ponte', 'Viseu', '3680-191', 'Portugal', 3, '2021-02-09', '2023-01-20', '2021-11-25', 137);
insert into "order" (order_id, customer_id, personnel_id, receiver, address, city, region, postal_code, country, shipper_id, order_date, required_date, shipped_date, freight_cost) values (106, 16, 15, 'Twimbo', '69 Buhler Junction', 'Eindhoven', 'Provincie Noord-Brabant', '5619', 'Netherlands', 2, '2021-06-11', '2022-01-14', '2022-09-28', 179);
insert into "order" (order_id, customer_id, personnel_id, receiver, address, city, region, postal_code, country, shipper_id, order_date, required_date, shipped_date, freight_cost) values (107, 17, 14, 'Npath', '26126 Banding Junction', 'Reriz', 'Viseu', '3600-587', 'Portugal', 3, '2021-07-07', '2022-11-10', '2022-08-06', 190);
insert into "order" (order_id, customer_id, personnel_id, receiver, address, city, region, postal_code, country, shipper_id, order_date, required_date, shipped_date, freight_cost) values (108, 18, 13, 'Mudo', '0640 Fairview Plaza', 'Melres', 'Porto', '4515-465', 'Portugal', 1, '2022-01-28', '2023-03-07', '2022-02-27', 100);
insert into "order" (order_id, customer_id, personnel_id, receiver, address, city, region, postal_code, country, shipper_id, order_date, required_date, shipped_date, freight_cost) values (109, 19, 15, 'Oozz', '09 Cordelia Crossing', 'Aldeia da Piedade', 'Setúbal', '2925-017', 'Portugal', 1, '2022-04-20', '2023-04-04', '2022-09-15', 252);
insert into "order" (order_id, customer_id, personnel_id, receiver, address, city, region, postal_code, country, shipper_id, order_date, required_date, shipped_date, freight_cost) values (110, 20, 5, 'Browsebug', '659 North Drive', 'Aveiras de Cima', 'Lisboa', '2050-065', 'Portugal', 1, '2021-03-21', '2021-03-27', '2023-02-07', 221);
insert into "order" (order_id, customer_id, personnel_id, receiver, address, city, region, postal_code, country, shipper_id, order_date, required_date, shipped_date, freight_cost) values (111, 21, 11, 'LiveZ', '9 Kedzie Junction', '''s-Hertogenbosch', 'Provincie Noord-Brabant', '5224', 'Netherlands', 2, '2021-07-03', '2022-05-15', '2021-09-18', 114);
insert into "order" (order_id, customer_id, personnel_id, receiver, address, city, region, postal_code, country, shipper_id, order_date, required_date, shipped_date, freight_cost) values (112, 22, 5, 'Dabshots', '26 Bonner Park', 'Estoi', 'Faro', '8005-453', 'Portugal', 3, '2021-05-29', '2022-02-04', '2021-06-03', 264);
insert into "order" (order_id, customer_id, personnel_id, receiver, address, city, region, postal_code, country, shipper_id, order_date, required_date, shipped_date, freight_cost) values (113, 23, 9, 'Brainverse', '03908 Westridge Crossing', 'Constance', 'Porto', '4635-084', 'Portugal', 3, '2021-03-11', '2022-11-03', '2021-08-02', 165);
insert into "order" (order_id, customer_id, personnel_id, receiver, address, city, region, postal_code, country, shipper_id, order_date, required_date, shipped_date, freight_cost) values (114, 24, 11, 'Janyx', '54 Hauk Plaza', 'Budapest', 'Budapest', '1136', 'Hungary', 2, '2021-06-16', '2022-01-26', '2022-09-13', 159);
insert into "order" (order_id, customer_id, personnel_id, receiver, address, city, region, postal_code, country, shipper_id, order_date, required_date, shipped_date, freight_cost) values (115, 25, 5, 'Tagopia', '3 Talisman Pass', 'Vale da Pedra', 'Leiria', '2425-502', 'Portugal', 3, '2021-04-01', '2021-09-02', '2022-01-17', 231);
insert into "order" (order_id, customer_id, personnel_id, receiver, address, city, region, postal_code, country, shipper_id, order_date, required_date, shipped_date, freight_cost) values (116, 26, 15, 'Mita', '6 Harper Court', 'Légua', 'Aveiro', '3830-247', 'Portugal', 1, '2021-09-14', '2022-07-16', '2023-03-18', 264);
insert into "order" (order_id, customer_id, personnel_id, receiver, address, city, region, postal_code, country, shipper_id, order_date, required_date, shipped_date, freight_cost) values (117, 27, 2, 'Skimia', '1 Jenna Alley', 'Rijswijk', 'Provincie Zuid-Holland', '2284', 'Netherlands', 3, '2021-04-14', '2022-05-19', '2021-10-09', 240);
insert into "order" (order_id, customer_id, personnel_id, receiver, address, city, region, postal_code, country, shipper_id, order_date, required_date, shipped_date, freight_cost) values (118, 28, 9, 'Eayo', '458 Kingsford Park', 'Vale de São Cosme', 'Braga', '4770-565', 'Portugal', 1, '2021-10-13', '2022-12-31', '2022-07-29', 110);
insert into "order" (order_id, customer_id, personnel_id, receiver, address, city, region, postal_code, country, shipper_id, order_date, required_date, shipped_date, freight_cost) values (119, 29, 11, 'Yodo', '8 Sommers Hill', 'Mucifal', 'Lisboa', '2705-215', 'Portugal', 2, '2021-10-11', '2021-11-03', '2022-01-20', 178);
insert into "order" (order_id, customer_id, personnel_id, receiver, address, city, region, postal_code, country, shipper_id, order_date, required_date, shipped_date, freight_cost) values (120, 30, 14, 'Jayo', '7 Golden Leaf Alley', 'Moita', 'Setúbal', '2860-296', 'Portugal', 2, '2021-04-09', '2022-03-28', '2021-04-19', 164);
insert into "order" (order_id, customer_id, personnel_id, receiver, address, city, region, postal_code, country, shipper_id, order_date, required_date, shipped_date, freight_cost) values (121, 31, 12, 'Trilia', '8594 Manufacturers Terrace', 'Madalena', 'Ilha do Pico', '9950-325', 'Portugal', 1, '2022-01-31', '2022-06-09', '2023-01-23', 179);
insert into "order" (order_id, customer_id, personnel_id, receiver, address, city, region, postal_code, country, shipper_id, order_date, required_date, shipped_date, freight_cost) values (122, 32, 2, 'Shufflebeat', '5297 Marcy Place', 'Reutlingen', 'Baden-Württemberg', '72768', 'Germany', 1, '2021-08-02', '2022-09-29', '2022-07-12', 250);
insert into "order" (order_id, customer_id, personnel_id, receiver, address, city, region, postal_code, country, shipper_id, order_date, required_date, shipped_date, freight_cost) values (123, 33, 10, 'Wordpedia', '23702 Gina Trail', 'Vila Ribeiro', 'Setúbal', '2835-795', 'Portugal', 2, '2022-08-21', '2023-01-27', '2022-11-03', 106);
insert into "order" (order_id, customer_id, personnel_id, receiver, address, city, region, postal_code, country, shipper_id, order_date, required_date, shipped_date, freight_cost) values (124, 34, 7, 'Buzzster', '44 Goodland Circle', 'Pego Longo', 'Lisboa', '2605-150', 'Portugal', 1, '2021-08-02', '2022-11-28', '2022-03-26', 118);
insert into "order" (order_id, customer_id, personnel_id, receiver, address, city, region, postal_code, country, shipper_id, order_date, required_date, shipped_date, freight_cost) values (125, 35, 13, 'Voonyx', '73145 Red Cloud Street', 'Candoso', 'Bragança', '5360-035', 'Portugal', 1, '2022-03-19', '2022-06-30', '2022-11-19', 235);
insert into "order" (order_id, customer_id, personnel_id, receiver, address, city, region, postal_code, country, shipper_id, order_date, required_date, shipped_date, freight_cost) values (126, 36, 1, 'Geba', '21758 Meadow Valley Parkway', 'Budapest', 'Budapest', '1111', 'Hungary', 3, '2022-06-13', '2023-01-17', '2022-12-25', 180);
insert into "order" (order_id, customer_id, personnel_id, receiver, address, city, region, postal_code, country, shipper_id, order_date, required_date, shipped_date, freight_cost) values (127, 37, 4, 'Gevee', '3 Crescent Oaks Hill', 'Quinta de Valadares', 'Setúbal', '2855-358', 'Portugal', 3, '2022-02-21', '2022-10-31', '2022-05-17', 209);
insert into "order" (order_id, customer_id, personnel_id, receiver, address, city, region, postal_code, country, shipper_id, order_date, required_date, shipped_date, freight_cost) values (128, 38, 14, 'Buzzdog', '3 Chinook Trail', 'Giesteira', 'Viana do Castelo', '4950-830', 'Portugal', 2, '2021-03-02', '2021-08-04', '2022-04-07', 126);
insert into "order" (order_id, customer_id, personnel_id, receiver, address, city, region, postal_code, country, shipper_id, order_date, required_date, shipped_date, freight_cost) values (129, 39, 8, 'Quimm', '24 Eggendart Court', 'Penteado', 'Setúbal', '2860-424', 'Portugal', 3, '2021-06-10', '2023-01-23', '2022-07-01', 192);
insert into "order" (order_id, customer_id, personnel_id, receiver, address, city, region, postal_code, country, shipper_id, order_date, required_date, shipped_date, freight_cost) values (130, 40, 5, 'Fatz', '6 Atwood Avenue', 'Labruge', 'Porto', '4485-296', 'Portugal', 3, '2021-03-13', '2022-05-23', '2023-03-09', 196);
insert into "order" (order_id, customer_id, personnel_id, receiver, address, city, region, postal_code, country, shipper_id, order_date, required_date, shipped_date, freight_cost) values (131, 41, 1, 'Voonte', '8 Mockingbird Park', 'Haarlem', 'Provincie Noord-Holland', '2004', 'Netherlands', 2, '2021-04-11', '2021-11-24', '2022-02-18', 258);
insert into "order" (order_id, customer_id, personnel_id, receiver, address, city, region, postal_code, country, shipper_id, order_date, required_date, shipped_date, freight_cost) values (132, 42, 2, 'Yambee', '88 Canary Pass', 'Boavista', 'Viseu', '4690-696', 'Portugal', 3, '2021-05-01', '2022-07-14', '2022-03-02', 213);
insert into "order" (order_id, customer_id, personnel_id, receiver, address, city, region, postal_code, country, shipper_id, order_date, required_date, shipped_date, freight_cost) values (133, 43, 14, 'Minyx', '62 Bowman Trail', 'Vila Alva', 'Beja', '7940-374', 'Portugal', 3, '2022-02-22', '2022-12-24', '2022-05-15', 117);
insert into "order" (order_id, customer_id, personnel_id, receiver, address, city, region, postal_code, country, shipper_id, order_date, required_date, shipped_date, freight_cost) values (134, 44, 9, 'Chatterbridge', '00 Eliot Point', 'Monte Branco', 'Évora', '7005-838', 'Portugal', 2, '2021-12-24', '2022-01-17', '2021-12-26', 157);
insert into "order" (order_id, customer_id, personnel_id, receiver, address, city, region, postal_code, country, shipper_id, order_date, required_date, shipped_date, freight_cost) values (135, 45, 1, 'Skipstorm', '5 La Follette Terrace', 'Dordrecht', 'Provincie Zuid-Holland', '3319', 'Netherlands', 1, '2022-02-28', '2022-09-20', '2022-10-30', 243);
insert into "order" (order_id, customer_id, personnel_id, receiver, address, city, region, postal_code, country, shipper_id, order_date, required_date, shipped_date, freight_cost) values (136, 1, 8, 'Leexo', '8 Tomscot Plaza', 'Madrid', 'Madrid', '28045', 'Spain', 2, '2021-07-11', '2022-05-15', '2021-11-07', 184);
insert into "order" (order_id, customer_id, personnel_id, receiver, address, city, region, postal_code, country, shipper_id, order_date, required_date, shipped_date, freight_cost) values (137, 2, 14, 'Eadel', '965 Thierer Alley', 'Lagoa', 'Leiria', '2425-681', 'Portugal', 2, '2021-06-18', '2022-05-15', '2023-03-09', 262);
insert into "order" (order_id, customer_id, personnel_id, receiver, address, city, region, postal_code, country, shipper_id, order_date, required_date, shipped_date, freight_cost) values (138, 3, 5, 'Npath', '63624 Elka Avenue', 'Casais Brancos', 'Leiria', '2525-234', 'Portugal', 1, '2021-03-21', '2023-03-21', '2021-10-30', 126);
insert into "order" (order_id, customer_id, personnel_id, receiver, address, city, region, postal_code, country, shipper_id, order_date, required_date, shipped_date, freight_cost) values (139, 4, 9, 'Bubblemix', '99875 Waubesa Junction', 'Marston', 'England', 'ST20', 'United Kingdom', 2, '2021-02-24', '2021-05-30', '2021-12-06', 233);
insert into "order" (order_id, customer_id, personnel_id, receiver, address, city, region, postal_code, country, shipper_id, order_date, required_date, shipped_date, freight_cost) values (140, 5, 7, 'Twimbo', '4 Bartelt Road', 'Esmoriz', 'Aveiro', '3885-395', 'Portugal', 3, '2022-01-13', '2022-12-28', '2022-07-07', 166);
insert into "order" (order_id, customer_id, personnel_id, receiver, address, city, region, postal_code, country, shipper_id, order_date, required_date, shipped_date, freight_cost) values (141, 6, 15, 'Wordpedia', '95 Warbler Parkway', 'Sarrazola', 'Aveiro', '3800-596', 'Portugal', 3, '2021-02-12', '2021-05-17', '2021-04-24', 217);
insert into "order" (order_id, customer_id, personnel_id, receiver, address, city, region, postal_code, country, shipper_id, order_date, required_date, shipped_date, freight_cost) values (142, 7, 10, 'Realmix', '2 Petterle Point', 'Vilar do Pinheiro', 'Porto', '4485-824', 'Portugal', 2, '2021-04-20', '2022-09-26', '2021-10-29', 124);
insert into "order" (order_id, customer_id, personnel_id, receiver, address, city, region, postal_code, country, shipper_id, order_date, required_date, shipped_date, freight_cost) values (143, 8, 13, 'Dablist', '5 Monument Junction', 'Delft', 'Provincie Zuid-Holland', '2629', 'Netherlands', 1, '2021-06-21', '2021-06-22', '2022-12-20', 142);
insert into "order" (order_id, customer_id, personnel_id, receiver, address, city, region, postal_code, country, shipper_id, order_date, required_date, shipped_date, freight_cost) values (144, 9, 15, 'Tazz', '7 Crownhardt Street', 'Viana do Castelo', 'Viana do Castelo', '4900-005', 'Portugal', 2, '2022-05-07', '2023-01-13', '2022-05-25', 143);
insert into "order" (order_id, customer_id, personnel_id, receiver, address, city, region, postal_code, country, shipper_id, order_date, required_date, shipped_date, freight_cost) values (145, 10, 2, 'InnoZ', '727 Sachtjen Street', 'Ameixoeira', 'Leiria', '2425-702', 'Portugal', 2, '2021-05-22', '2021-05-26', '2022-07-07', 255);
insert into "order" (order_id, customer_id, personnel_id, receiver, address, city, region, postal_code, country, shipper_id, order_date, required_date, shipped_date, freight_cost) values (146, 11, 13, 'Photobean', '52266 La Follette Place', 'Donostia-San Sebastian', 'Pais Vasco', '20010', 'Spain', 3, '2021-11-15', '2022-07-31', '2023-01-11', 235);
insert into "order" (order_id, customer_id, personnel_id, receiver, address, city, region, postal_code, country, shipper_id, order_date, required_date, shipped_date, freight_cost) values (147, 12, 10, 'Eadel', '8 Moulton Junction', 'Granada', 'Andalucia', '18015', 'Spain', 1, '2022-06-30', '2023-02-19', '2022-07-09', 172);
insert into "order" (order_id, customer_id, personnel_id, receiver, address, city, region, postal_code, country, shipper_id, order_date, required_date, shipped_date, freight_cost) values (148, 13, 9, 'Devbug', '65852 Brickson Park Court', 'Vila Moreira', 'Santarém', '2380-638', 'Portugal', 2, '2021-03-16', '2022-03-03', '2022-09-22', 244);
insert into "order" (order_id, customer_id, personnel_id, receiver, address, city, region, postal_code, country, shipper_id, order_date, required_date, shipped_date, freight_cost) values (149, 14, 14, 'Wikizz', '35230 Continental Court', 'Apeldoorn', 'Provincie Gelderland', '7329', 'Netherlands', 1, '2022-04-12', '2022-06-27', '2022-12-23', 131);
insert into "order" (order_id, customer_id, personnel_id, receiver, address, city, region, postal_code, country, shipper_id, order_date, required_date, shipped_date, freight_cost) values (150, 15, 15, 'Avaveo', '72 Ryan Way', 'Dordrecht', 'Provincie Zuid-Holland', '3324', 'Netherlands', 2, '2021-10-04', '2022-06-02', '2021-10-13', 139);
insert into "order" (order_id, customer_id, personnel_id, receiver, address, city, region, postal_code, country, shipper_id, order_date, required_date, shipped_date, freight_cost) values (151, 16, 2, 'Browsebug', '78463 Manitowish Lane', 'Leiria', 'Leiria', '2400-013', 'Portugal', 2, '2021-02-14', '2021-09-22', '2022-12-11', 261);
insert into "order" (order_id, customer_id, personnel_id, receiver, address, city, region, postal_code, country, shipper_id, order_date, required_date, shipped_date, freight_cost) values (152, 17, 8, 'Kare', '23685 Pawling Circle', 'Mosteirô', 'Porto', '4785-210', 'Portugal', 3, '2021-05-11', '2022-08-25', '2022-09-08', 234);
insert into "order" (order_id, customer_id, personnel_id, receiver, address, city, region, postal_code, country, shipper_id, order_date, required_date, shipped_date, freight_cost) values (153, 18, 14, 'Buzzshare', '55 Stephen Parkway', 'Lamego', 'Viseu', '5100-005', 'Portugal', 3, '2021-07-05', '2022-08-13', '2022-01-01', 194);
insert into "order" (order_id, customer_id, personnel_id, receiver, address, city, region, postal_code, country, shipper_id, order_date, required_date, shipped_date, freight_cost) values (154, 19, 2, 'Plajo', '6 Hollow Ridge Alley', 'Mealhada', 'Aveiro', '3050-300', 'Portugal', 2, '2021-07-30', '2021-12-05', '2022-05-20', 104);
insert into "order" (order_id, customer_id, personnel_id, receiver, address, city, region, postal_code, country, shipper_id, order_date, required_date, shipped_date, freight_cost) values (155, 20, 9, 'LiveZ', '1 Upham Park', 'Donostia-San Sebastian', 'Pais Vasco', '20005', 'Spain', 3, '2021-09-10', '2021-10-13', '2021-10-15', 219);
insert into "order" (order_id, customer_id, personnel_id, receiver, address, city, region, postal_code, country, shipper_id, order_date, required_date, shipped_date, freight_cost) values (156, 21, 1, 'Dablist', '857 Hanson Point', 'Stuttgart', 'Baden-Württemberg', '70567', 'Germany', 2, '2021-11-21', '2022-12-19', '2023-03-27', 153);
insert into "order" (order_id, customer_id, personnel_id, receiver, address, city, region, postal_code, country, shipper_id, order_date, required_date, shipped_date, freight_cost) values (157, 22, 5, 'Devify', '628 Mcguire Junction', 'Miragaia', 'Lisboa', '2530-407', 'Portugal', 3, '2021-05-24', '2022-09-05', '2022-10-09', 260);
insert into "order" (order_id, customer_id, personnel_id, receiver, address, city, region, postal_code, country, shipper_id, order_date, required_date, shipped_date, freight_cost) values (158, 23, 12, 'Twimbo', '93 Summerview Center', 'Barrosa', 'Santarém', '2130-166', 'Portugal', 3, '2021-02-06', '2021-04-06', '2022-02-09', 209);
insert into "order" (order_id, customer_id, personnel_id, receiver, address, city, region, postal_code, country, shipper_id, order_date, required_date, shipped_date, freight_cost) values (159, 24, 1, 'Pixoboo', '62474 Schurz Plaza', 'Buarcos', 'Coimbra', '3080-222', 'Portugal', 1, '2021-02-11', '2022-09-04', '2023-01-08', 263);
insert into "order" (order_id, customer_id, personnel_id, receiver, address, city, region, postal_code, country, shipper_id, order_date, required_date, shipped_date, freight_cost) values (160, 25, 8, 'Geba', '41 Green Ridge Park', 'Pedroso', 'Porto', '4415-092', 'Portugal', 2, '2021-04-20', '2021-10-29', '2022-03-01', 125);
insert into "order" (order_id, customer_id, personnel_id, receiver, address, city, region, postal_code, country, shipper_id, order_date, required_date, shipped_date, freight_cost) values (161, 26, 11, 'DabZ', '75 Declaration Circle', 'Kassel', 'Hessen', '34132', 'Germany', 3, '2022-01-16', '2023-01-29', '2022-07-22', 169);
insert into "order" (order_id, customer_id, personnel_id, receiver, address, city, region, postal_code, country, shipper_id, order_date, required_date, shipped_date, freight_cost) values (162, 27, 7, 'Topicware', '0 Green Parkway', 'Redondos', 'Setúbal', '2865-493', 'Portugal', 3, '2021-07-15', '2023-01-30', '2022-06-19', 128);
insert into "order" (order_id, customer_id, personnel_id, receiver, address, city, region, postal_code, country, shipper_id, order_date, required_date, shipped_date, freight_cost) values (163, 28, 12, 'Meembee', '5 Bunting Drive', 'Rotterdam postbusnummers', 'Provincie Zuid-Holland', '3004', 'Netherlands', 1, '2021-02-17', '2023-01-22', '2021-03-15', 123);
insert into "order" (order_id, customer_id, personnel_id, receiver, address, city, region, postal_code, country, shipper_id, order_date, required_date, shipped_date, freight_cost) values (164, 29, 10, 'Buzzshare', '1637 Superior Avenue', 'Kampen (Overijssel)', 'Provincie Flevoland', '8264', 'Netherlands', 1, '2021-05-21', '2021-10-05', '2021-06-19', 238);
insert into "order" (order_id, customer_id, personnel_id, receiver, address, city, region, postal_code, country, shipper_id, order_date, required_date, shipped_date, freight_cost) values (165, 30, 4, 'Blogpad', '46705 Chinook Place', 'Olhos de Água', 'Setúbal', '2950-682', 'Portugal', 2, '2021-03-09', '2022-10-30', '2021-09-14', 201);
insert into "order" (order_id, customer_id, personnel_id, receiver, address, city, region, postal_code, country, shipper_id, order_date, required_date, shipped_date, freight_cost) values (166, 31, 9, 'Bluejam', '3285 Debra Parkway', 'Lombo Meão', 'Aveiro', '3840-467', 'Portugal', 1, '2021-02-24', '2021-05-29', '2022-10-30', 141);
insert into "order" (order_id, customer_id, personnel_id, receiver, address, city, region, postal_code, country, shipper_id, order_date, required_date, shipped_date, freight_cost) values (167, 32, 8, 'Vinte', '55642 Montana Hill', 'Refojos de Riba de Ave', 'Porto', '4825-296', 'Portugal', 3, '2021-03-10', '2023-02-10', '2022-11-02', 145);
insert into "order" (order_id, customer_id, personnel_id, receiver, address, city, region, postal_code, country, shipper_id, order_date, required_date, shipped_date, freight_cost) values (168, 33, 13, 'Kwimbee', '9088 Continental Parkway', 'Sanfins', 'Aveiro', '4520-525', 'Portugal', 3, '2021-06-27', '2022-08-05', '2022-01-27', 223);
insert into "order" (order_id, customer_id, personnel_id, receiver, address, city, region, postal_code, country, shipper_id, order_date, required_date, shipped_date, freight_cost) values (169, 34, 14, 'Photofeed', '0939 Meadow Ridge Court', 'Haarlem', 'Provincie Noord-Holland', '2004', 'Netherlands', 3, '2021-11-17', '2022-10-25', '2022-04-26', 223);
insert into "order" (order_id, customer_id, personnel_id, receiver, address, city, region, postal_code, country, shipper_id, order_date, required_date, shipped_date, freight_cost) values (170, 35, 14, 'Zoozzy', '7370 Porter Court', 'Lourido', 'Porto', '4625-604', 'Portugal', 2, '2022-07-18', '2022-08-11', '2022-12-14', 156);
insert into "order" (order_id, customer_id, personnel_id, receiver, address, city, region, postal_code, country, shipper_id, order_date, required_date, shipped_date, freight_cost) values (171, 36, 13, 'Eare', '53 Bluejay Trail', 'Vitoria-Gasteiz', 'Pais Vasco', '01010', 'Spain', 2, '2021-04-11', '2022-02-14', '2021-07-12', 129);
insert into "order" (order_id, customer_id, personnel_id, receiver, address, city, region, postal_code, country, shipper_id, order_date, required_date, shipped_date, freight_cost) values (172, 37, 13, 'Aimbo', '23545 Chinook Trail', 'Madrid', 'Madrid', '28055', 'Spain', 3, '2021-01-25', '2021-07-15', '2021-02-19', 152);
insert into "order" (order_id, customer_id, personnel_id, receiver, address, city, region, postal_code, country, shipper_id, order_date, required_date, shipped_date, freight_cost) values (173, 38, 1, 'Wordtune', '755 Cordelia Road', 'Dos Hermanas', 'Andalucia', '41703', 'Spain', 3, '2021-03-19', '2023-02-18', '2021-12-09', 139);
insert into "order" (order_id, customer_id, personnel_id, receiver, address, city, region, postal_code, country, shipper_id, order_date, required_date, shipped_date, freight_cost) values (174, 39, 12, 'Cogidoo', '0500 Merrick Avenue', 'Vila Franca', 'Viana do Castelo', '4935-621', 'Portugal', 3, '2021-04-14', '2021-08-18', '2021-05-25', 102);
insert into "order" (order_id, customer_id, personnel_id, receiver, address, city, region, postal_code, country, shipper_id, order_date, required_date, shipped_date, freight_cost) values (175, 40, 11, 'Roomm', '4897 Bellgrove Circle', 'Ridderkerk', 'Provincie Zuid-Holland', '2989', 'Netherlands', 2, '2022-01-04', '2022-05-23', '2022-04-28', 132);
insert into "order" (order_id, customer_id, personnel_id, receiver, address, city, region, postal_code, country, shipper_id, order_date, required_date, shipped_date, freight_cost) values (176, 41, 8, 'Kare', '937 Riverside Road', 'Rio', 'Braga', '4905-074', 'Portugal', 1, '2021-02-07', '2022-04-17', '2023-03-29', 200);
insert into "order" (order_id, customer_id, personnel_id, receiver, address, city, region, postal_code, country, shipper_id, order_date, required_date, shipped_date, freight_cost) values (177, 42, 7, 'Jaxbean', '4052 Anhalt Hill', 'Água Levada', 'Porto', '4745-380', 'Portugal', 1, '2021-11-19', '2022-11-18', '2022-08-19', 146);
insert into "order" (order_id, customer_id, personnel_id, receiver, address, city, region, postal_code, country, shipper_id, order_date, required_date, shipped_date, freight_cost) values (178, 43, 12, 'Kwideo', '94597 Spaight Point', 'Burgkirchen', 'Oberösterreich', '5271', 'Austria', 1, '2021-09-25', '2023-02-17', '2023-02-09', 145);
insert into "order" (order_id, customer_id, personnel_id, receiver, address, city, region, postal_code, country, shipper_id, order_date, required_date, shipped_date, freight_cost) values (179, 44, 3, 'Trunyx', '95475 Butternut Terrace', 'Kiel', 'Schleswig-Holstein', '24109', 'Germany', 2, '2022-09-28', '2022-12-03', '2023-02-14', 196);
insert into "order" (order_id, customer_id, personnel_id, receiver, address, city, region, postal_code, country, shipper_id, order_date, required_date, shipped_date, freight_cost) values (180, 45, 8, 'Yozio', '51086 Sutherland Lane', 'Eindhoven', 'Provincie Noord-Brabant', '5609', 'Netherlands', 1, '2021-09-05', '2022-12-01', '2022-06-12', 145);
insert into "order" (order_id, customer_id, personnel_id, receiver, address, city, region, postal_code, country, shipper_id, order_date, required_date, shipped_date, freight_cost) values (181, 1, 12, 'Dabfeed', '9 Pawling Circle', 'Camacha', 'Ilha da Madeira', '9135-054', 'Portugal', 2, '2021-12-08', '2021-12-14', '2022-03-30', 249);
insert into "order" (order_id, customer_id, personnel_id, receiver, address, city, region, postal_code, country, shipper_id, order_date, required_date, shipped_date, freight_cost) values (182, 2, 14, 'Livepath', '9 Rigney Court', 'Székesfehérvár', 'Fejér', '8011', 'Hungary', 2, '2021-03-14', '2022-08-24', '2021-08-06', 251);
insert into "order" (order_id, customer_id, personnel_id, receiver, address, city, region, postal_code, country, shipper_id, order_date, required_date, shipped_date, freight_cost) values (183, 3, 12, 'Livetube', '60 Anniversary Lane', 'Tournai', 'Wallonie', '7536', 'Belgium', 1, '2021-01-29', '2022-09-12', '2021-05-18', 244);
insert into "order" (order_id, customer_id, personnel_id, receiver, address, city, region, postal_code, country, shipper_id, order_date, required_date, shipped_date, freight_cost) values (184, 4, 8, 'Youfeed', '24954 Boyd Street', 'Bouças', 'Viana do Castelo', '4950-270', 'Portugal', 1, '2021-02-18', '2021-10-04', '2021-04-16', 188);
insert into "order" (order_id, customer_id, personnel_id, receiver, address, city, region, postal_code, country, shipper_id, order_date, required_date, shipped_date, freight_cost) values (185, 5, 11, 'Photojam', '3 Esker Plaza', 'Balazar', 'Braga', '4805-005', 'Portugal', 3, '2021-06-19', '2022-11-09', '2021-11-18', 140);
insert into "order" (order_id, customer_id, personnel_id, receiver, address, city, region, postal_code, country, shipper_id, order_date, required_date, shipped_date, freight_cost) values (186, 6, 7, 'Shuffletag', '86 Northwestern Way', 'São Lourenço de Mamporcão', 'Évora', '7100-656', 'Portugal', 2, '2021-07-15', '2023-02-05', '2021-08-07', 241);
insert into "order" (order_id, customer_id, personnel_id, receiver, address, city, region, postal_code, country, shipper_id, order_date, required_date, shipped_date, freight_cost) values (187, 7, 3, 'Jamia', '440 Nova Center', 'Bristol', 'England', 'BS41', 'United Kingdom', 2, '2021-11-23', '2022-12-06', '2022-06-07', 139);
insert into "order" (order_id, customer_id, personnel_id, receiver, address, city, region, postal_code, country, shipper_id, order_date, required_date, shipped_date, freight_cost) values (188, 8, 5, 'Pixonyx', '5 Sutteridge Junction', 'Bolhos', 'Leiria', '2525-105', 'Portugal', 2, '2021-05-07', '2022-02-21', '2021-12-10', 104);
insert into "order" (order_id, customer_id, personnel_id, receiver, address, city, region, postal_code, country, shipper_id, order_date, required_date, shipped_date, freight_cost) values (189, 9, 4, 'Blognation', '61771 Melby Drive', 'Bruxelles', 'Bruxelles-Capitale', '1050', 'Belgium', 1, '2021-09-05', '2022-12-03', '2021-11-16', 237);
insert into "order" (order_id, customer_id, personnel_id, receiver, address, city, region, postal_code, country, shipper_id, order_date, required_date, shipped_date, freight_cost) values (190, 10, 12, 'Meemm', '53 Artisan Lane', 'Laspezia', 'Liguria', '19125', 'Italy', 1, '2021-05-25', '2021-07-16', '2021-06-20', 203);
insert into "order" (order_id, customer_id, personnel_id, receiver, address, city, region, postal_code, country, shipper_id, order_date, required_date, shipped_date, freight_cost) values (191, 11, 9, 'Kaymbo', '75381 Dawn Trail', 'Nürnberg', 'Bayern', '90451', 'Germany', 2, '2021-08-12', '2022-09-03', '2021-09-15', 146);
insert into "order" (order_id, customer_id, personnel_id, receiver, address, city, region, postal_code, country, shipper_id, order_date, required_date, shipped_date, freight_cost) values (192, 12, 5, 'Wordify', '02 Hovde Way', 'Memória', 'Leiria', '2420-231', 'Portugal', 1, '2021-12-04', '2022-09-17', '2022-07-20', 210);
insert into "order" (order_id, customer_id, personnel_id, receiver, address, city, region, postal_code, country, shipper_id, order_date, required_date, shipped_date, freight_cost) values (193, 13, 8, 'Babblestorm', '26 Doe Crossing Alley', 'Kiel', 'Schleswig-Holstein', '24109', 'Germany', 1, '2021-01-08', '2022-06-11', '2021-03-20', 238);
insert into "order" (order_id, customer_id, personnel_id, receiver, address, city, region, postal_code, country, shipper_id, order_date, required_date, shipped_date, freight_cost) values (194, 14, 12, 'Oyoba', '608 Reindahl Hill', 'Ulme', 'Santarém', '2140-368', 'Portugal', 1, '2021-05-14', '2023-01-10', '2021-08-16', 217);
insert into "order" (order_id, customer_id, personnel_id, receiver, address, city, region, postal_code, country, shipper_id, order_date, required_date, shipped_date, freight_cost) values (195, 15, 12, 'Browsedrive', '2 2nd Circle', 'São Miguel do Rio Torto', 'Santarém', '2205-554', 'Portugal', 1, '2022-10-01', '2022-11-16', '2022-11-07', 160);
insert into "order" (order_id, customer_id, personnel_id, receiver, address, city, region, postal_code, country, shipper_id, order_date, required_date, shipped_date, freight_cost) values (196, 16, 15, 'Realfire', '4 Pankratz Road', 'Amieira', 'Évora', '7050-511', 'Portugal', 1, '2022-01-01', '2022-08-25', '2022-10-06', 113);
insert into "order" (order_id, customer_id, personnel_id, receiver, address, city, region, postal_code, country, shipper_id, order_date, required_date, shipped_date, freight_cost) values (197, 17, 7, 'Roodel', '51 Lillian Pass', 'Capela', 'Porto', '4620-297', 'Portugal', 2, '2021-05-27', '2023-03-11', '2023-03-11', 202);
insert into "order" (order_id, customer_id, personnel_id, receiver, address, city, region, postal_code, country, shipper_id, order_date, required_date, shipped_date, freight_cost) values (198, 18, 9, 'Quimm', '195 Monterey Place', 'São João das Lampas', 'Lisboa', '2705-785', 'Portugal', 3, '2021-05-11', '2022-02-02', '2021-08-14', 255);
insert into "order" (order_id, customer_id, personnel_id, receiver, address, city, region, postal_code, country, shipper_id, order_date, required_date, shipped_date, freight_cost) values (199, 19, 9, 'Jabbertype', '3539 Elmside Pass', 'Charleroi', 'Wallonie', '6042', 'Belgium', 3, '2021-05-30', '2022-05-16', '2023-01-27', 180);
insert into "order" (order_id, customer_id, personnel_id, receiver, address, city, region, postal_code, country, shipper_id, order_date, required_date, shipped_date, freight_cost) values (200, 20, 9, 'Jayo', '42 Center Circle', 'Momignies', 'Wallonie', '6594', 'Belgium', 3, '2021-06-27', '2021-10-04', '2022-04-05', 232);
insert into "order" (order_id, customer_id, personnel_id, receiver, address, city, region, postal_code, country, shipper_id, order_date, required_date, shipped_date, freight_cost) values (201, 21, 10, 'Pixoboo', '25 Banding Hill', 'Cercal', 'Lisboa', '2550-214', 'Portugal', 1, '2022-03-23', '2022-08-09', '2022-07-20', 220);
insert into "order" (order_id, customer_id, personnel_id, receiver, address, city, region, postal_code, country, shipper_id, order_date, required_date, shipped_date, freight_cost) values (202, 22, 1, 'Zooxo', '9 Sauthoff Alley', 'Moita da Roda', 'Leiria', '2425-839', 'Portugal', 2, '2021-01-27', '2023-02-06', '2021-10-14', 157);
insert into "order" (order_id, customer_id, personnel_id, receiver, address, city, region, postal_code, country, shipper_id, order_date, required_date, shipped_date, freight_cost) values (203, 23, 12, 'Jazzy', '8607 Lake View Lane', 'Figueiró dos Vinhos', 'Leiria', '3260-400', 'Portugal', 2, '2022-02-07', '2022-03-17', '2022-06-27', 146);
insert into "order" (order_id, customer_id, personnel_id, receiver, address, city, region, postal_code, country, shipper_id, order_date, required_date, shipped_date, freight_cost) values (204, 24, 8, 'Browsecat', '6988 Tennyson Court', 'Chãos', 'Braga', '4830-813', 'Portugal', 1, '2021-12-24', '2023-03-04', '2023-01-10', 147);
insert into "order" (order_id, customer_id, personnel_id, receiver, address, city, region, postal_code, country, shipper_id, order_date, required_date, shipped_date, freight_cost) values (205, 25, 5, 'Quaxo', '06125 Dakota Pass', 'Vila Verde', 'Coimbra', '3025-403', 'Portugal', 2, '2021-02-04', '2021-07-16', '2022-07-13', 243);
insert into "order" (order_id, customer_id, personnel_id, receiver, address, city, region, postal_code, country, shipper_id, order_date, required_date, shipped_date, freight_cost) values (206, 26, 15, 'Innotype', '84671 Independence Avenue', 'Ifanes', 'Bragança', '5210-105', 'Portugal', 2, '2021-10-18', '2021-12-11', '2022-02-11', 215);
insert into "order" (order_id, customer_id, personnel_id, receiver, address, city, region, postal_code, country, shipper_id, order_date, required_date, shipped_date, freight_cost) values (207, 27, 9, 'Yakidoo', '1813 Lakewood Gardens Center', 'Balazar', 'Porto', '4570-013', 'Portugal', 3, '2021-02-11', '2022-06-20', '2022-09-02', 226);
insert into "order" (order_id, customer_id, personnel_id, receiver, address, city, region, postal_code, country, shipper_id, order_date, required_date, shipped_date, freight_cost) values (208, 28, 1, 'Bluejam', '73785 Mifflin Hill', 'Trieste', 'Friuli-Venezia Giulia', '34141', 'Italy', 3, '2021-12-07', '2022-09-14', '2022-05-21', 109);
insert into "order" (order_id, customer_id, personnel_id, receiver, address, city, region, postal_code, country, shipper_id, order_date, required_date, shipped_date, freight_cost) values (209, 29, 12, 'Voomm', '120 Bunker Hill Place', 'Vilarelho', 'Viana do Castelo', '4910-597', 'Portugal', 2, '2021-10-31', '2023-03-01', '2022-01-05', 214);
insert into "order" (order_id, customer_id, personnel_id, receiver, address, city, region, postal_code, country, shipper_id, order_date, required_date, shipped_date, freight_cost) values (210, 30, 10, 'Topicware', '954 Surrey Crossing', 'Silgueiros', 'Viseu', '3515-626', 'Portugal', 1, '2021-06-15', '2022-04-18', '2021-12-04', 229);
insert into "order" (order_id, customer_id, personnel_id, receiver, address, city, region, postal_code, country, shipper_id, order_date, required_date, shipped_date, freight_cost) values (211, 31, 5, 'Twimm', '0489 Northland Circle', 'Balazar', 'Braga', '4805-005', 'Portugal', 1, '2021-02-15', '2022-06-22', '2022-12-12', 189);
insert into "order" (order_id, customer_id, personnel_id, receiver, address, city, region, postal_code, country, shipper_id, order_date, required_date, shipped_date, freight_cost) values (212, 32, 8, 'Divanoodle', '9258 Schurz Road', 'Torre', 'Porto', '4605-169', 'Portugal', 1, '2022-03-11', '2022-06-14', '2022-10-10', 239);
insert into "order" (order_id, customer_id, personnel_id, receiver, address, city, region, postal_code, country, shipper_id, order_date, required_date, shipped_date, freight_cost) values (213, 33, 12, 'Izio', '22 Magdeline Avenue', 'Baleal', 'Leiria', '2520-005', 'Portugal', 2, '2021-05-22', '2021-09-11', '2021-12-04', 129);
insert into "order" (order_id, customer_id, personnel_id, receiver, address, city, region, postal_code, country, shipper_id, order_date, required_date, shipped_date, freight_cost) values (214, 34, 5, 'Plambee', '64 Pankratz Circle', 'Cachadinha', 'Viana do Castelo', '4990-690', 'Portugal', 2, '2021-07-06', '2022-05-28', '2021-10-26', 213);
insert into "order" (order_id, customer_id, personnel_id, receiver, address, city, region, postal_code, country, shipper_id, order_date, required_date, shipped_date, freight_cost) values (215, 35, 3, 'Brightdog', '6 Milwaukee Plaza', 'Klagenfurt am Wörthersee', 'Kaernten', '9073', 'Austria', 2, '2022-10-12', '2022-10-29', '2022-12-27', 236);
insert into "order" (order_id, customer_id, personnel_id, receiver, address, city, region, postal_code, country, shipper_id, order_date, required_date, shipped_date, freight_cost) values (216, 36, 7, 'Mycat', '567 Fisk Circle', 'Middelburg', 'Provincie Zeeland', '4334', 'Netherlands', 3, '2021-02-07', '2021-12-15', '2023-02-01', 104);
insert into "order" (order_id, customer_id, personnel_id, receiver, address, city, region, postal_code, country, shipper_id, order_date, required_date, shipped_date, freight_cost) values (217, 37, 14, 'Babblestorm', '4022 Blue Bill Park Junction', 'Gala', 'Coimbra', '3090-710', 'Portugal', 3, '2021-05-27', '2022-02-01', '2022-01-11', 158);
insert into "order" (order_id, customer_id, personnel_id, receiver, address, city, region, postal_code, country, shipper_id, order_date, required_date, shipped_date, freight_cost) values (218, 38, 11, 'Oyope', '4 Melvin Crossing', 'Atães', 'Braga', '4800-230', 'Portugal', 2, '2021-03-13', '2022-10-14', '2021-06-05', 119);
insert into "order" (order_id, customer_id, personnel_id, receiver, address, city, region, postal_code, country, shipper_id, order_date, required_date, shipped_date, freight_cost) values (219, 39, 3, 'Fivespan', '051 Division Plaza', 'Feitoria', 'Porto', '4650-291', 'Portugal', 3, '2021-06-22', '2023-03-29', '2021-08-14', 259);
insert into "order" (order_id, customer_id, personnel_id, receiver, address, city, region, postal_code, country, shipper_id, order_date, required_date, shipped_date, freight_cost) values (220, 40, 2, 'Wikizz', '380 Fallview Court', 'Burgkirchen', 'Oberösterreich', '5271', 'Austria', 2, '2021-07-15', '2023-01-21', '2021-11-26', 144);
insert into "order" (order_id, customer_id, personnel_id, receiver, address, city, region, postal_code, country, shipper_id, order_date, required_date, shipped_date, freight_cost) values (221, 41, 13, 'Eayo', '11699 Shelley Junction', 'Alverca do Ribatejo', 'Lisboa', '2615-009', 'Portugal', 3, '2021-08-07', '2022-06-18', '2022-01-29', 111);
insert into "order" (order_id, customer_id, personnel_id, receiver, address, city, region, postal_code, country, shipper_id, order_date, required_date, shipped_date, freight_cost) values (222, 42, 15, 'Blognation', '2589 Surrey Alley', 'Lamego', 'Viseu', '5100-005', 'Portugal', 1, '2021-06-18', '2021-12-15', '2022-02-14', 150);
insert into "order" (order_id, customer_id, personnel_id, receiver, address, city, region, postal_code, country, shipper_id, order_date, required_date, shipped_date, freight_cost) values (223, 43, 2, 'Skimia', '9087 Bunker Hill Plaza', 'Arcossó', 'Vila Real', '5425-025', 'Portugal', 1, '2022-05-03', '2022-12-10', '2023-02-16', 237);
insert into "order" (order_id, customer_id, personnel_id, receiver, address, city, region, postal_code, country, shipper_id, order_date, required_date, shipped_date, freight_cost) values (224, 44, 9, 'Feedmix', '80614 Rutledge Plaza', 'Eirol', 'Aveiro', '3800-685', 'Portugal', 3, '2021-02-19', '2023-01-21', '2022-08-21', 171);
insert into "order" (order_id, customer_id, personnel_id, receiver, address, city, region, postal_code, country, shipper_id, order_date, required_date, shipped_date, freight_cost) values (225, 45, 12, 'Tazzy', '8015 Eagle Crest Lane', 'Palma De Mallorca', 'Baleares', '07015', 'Spain', 2, '2021-08-06', '2022-03-05', '2022-07-25', 142);
insert into "order" (order_id, customer_id, personnel_id, receiver, address, city, region, postal_code, country, shipper_id, order_date, required_date, shipped_date, freight_cost) values (226, 1, 9, 'Katz', '0351 Shelley Street', 'Ameixoeira', 'Leiria', '2425-702', 'Portugal', 2, '2021-10-06', '2022-09-21', '2022-11-22', 202);
insert into "order" (order_id, customer_id, personnel_id, receiver, address, city, region, postal_code, country, shipper_id, order_date, required_date, shipped_date, freight_cost) values (227, 2, 9, 'Dynabox', '209 Burning Wood Point', 'Charlton', 'England', 'OX12', 'United Kingdom', 2, '2021-04-25', '2021-09-11', '2022-06-21', 189);
insert into "order" (order_id, customer_id, personnel_id, receiver, address, city, region, postal_code, country, shipper_id, order_date, required_date, shipped_date, freight_cost) values (228, 3, 5, 'Tavu', '565 Transport Road', 'Nyíregyháza', 'Szabolcs-Szatmár-Bereg', '4404', 'Hungary', 1, '2022-03-06', '2022-10-01', '2022-05-19', 197);
insert into "order" (order_id, customer_id, personnel_id, receiver, address, city, region, postal_code, country, shipper_id, order_date, required_date, shipped_date, freight_cost) values (229, 4, 6, 'Thoughtstorm', '90 Merrick Crossing', 'Ribeirão', 'Braga', '4760-411', 'Portugal', 3, '2021-12-14', '2022-10-12', '2022-07-03', 170);
insert into "order" (order_id, customer_id, personnel_id, receiver, address, city, region, postal_code, country, shipper_id, order_date, required_date, shipped_date, freight_cost) values (230, 5, 2, 'Bubbletube', '23473 Village Street', 'Pousada', 'Viana do Castelo', '4990-585', 'Portugal', 2, '2021-04-27', '2023-02-10', '2022-02-13', 105);
insert into "order" (order_id, customer_id, personnel_id, receiver, address, city, region, postal_code, country, shipper_id, order_date, required_date, shipped_date, freight_cost) values (231, 6, 11, 'Skimia', '0 Gina Alley', 'Padova', 'Veneto', '35129', 'Italy', 3, '2021-03-05', '2022-07-13', '2022-02-15', 229);
insert into "order" (order_id, customer_id, personnel_id, receiver, address, city, region, postal_code, country, shipper_id, order_date, required_date, shipped_date, freight_cost) values (232, 7, 5, 'Gabcube', '5 Schmedeman Circle', 'Sever do Vouga', 'Aveiro', '3740-251', 'Portugal', 2, '2021-03-02', '2021-05-30', '2023-01-29', 201);
insert into "order" (order_id, customer_id, personnel_id, receiver, address, city, region, postal_code, country, shipper_id, order_date, required_date, shipped_date, freight_cost) values (233, 8, 3, 'Livefish', '0311 Basil Parkway', 'Leomil', 'Viseu', '3620-165', 'Portugal', 3, '2021-12-05', '2023-01-18', '2022-11-10', 258);
insert into "order" (order_id, customer_id, personnel_id, receiver, address, city, region, postal_code, country, shipper_id, order_date, required_date, shipped_date, freight_cost) values (234, 9, 4, 'Wordware', '4409 Hanson Lane', 'Pereiro', 'Viana do Castelo', '4950-840', 'Portugal', 2, '2021-02-21', '2021-02-24', '2023-03-02', 117);
insert into "order" (order_id, customer_id, personnel_id, receiver, address, city, region, postal_code, country, shipper_id, order_date, required_date, shipped_date, freight_cost) values (235, 10, 15, 'Buzzbean', '5 Petterle Point', 'Lamego', 'Viseu', '5100-005', 'Portugal', 3, '2022-02-14', '2022-11-06', '2022-08-07', 251);
insert into "order" (order_id, customer_id, personnel_id, receiver, address, city, region, postal_code, country, shipper_id, order_date, required_date, shipped_date, freight_cost) values (236, 11, 14, 'Yata', '69418 7th Drive', 'Parreira', 'Santarém', '2140-514', 'Portugal', 1, '2021-06-30', '2022-05-14', '2021-12-21', 232);
insert into "order" (order_id, customer_id, personnel_id, receiver, address, city, region, postal_code, country, shipper_id, order_date, required_date, shipped_date, freight_cost) values (237, 12, 2, 'Jabbersphere', '37 Moulton Parkway', 'Carregado', 'Lisboa', '2580-466', 'Portugal', 3, '2021-02-11', '2021-10-25', '2023-01-03', 139);
insert into "order" (order_id, customer_id, personnel_id, receiver, address, city, region, postal_code, country, shipper_id, order_date, required_date, shipped_date, freight_cost) values (238, 13, 15, 'Lazz', '64252 Hermina Terrace', 'Breda', 'Provincie Noord-Brabant', '4819', 'Netherlands', 1, '2021-04-23', '2022-05-26', '2022-05-13', 244);
insert into "order" (order_id, customer_id, personnel_id, receiver, address, city, region, postal_code, country, shipper_id, order_date, required_date, shipped_date, freight_cost) values (239, 14, 4, 'Quire', '37729 Ludington Place', 'Stuttgart', 'Baden-Württemberg', '70190', 'Germany', 1, '2021-07-14', '2021-10-23', '2022-01-23', 180);
insert into "order" (order_id, customer_id, personnel_id, receiver, address, city, region, postal_code, country, shipper_id, order_date, required_date, shipped_date, freight_cost) values (240, 15, 5, 'Quatz', '5254 Onsgard Parkway', 'Leiden', 'Provincie Zuid-Holland', '2304', 'Netherlands', 1, '2021-02-27', '2022-12-21', '2021-07-27', 232);
insert into "order" (order_id, customer_id, personnel_id, receiver, address, city, region, postal_code, country, shipper_id, order_date, required_date, shipped_date, freight_cost) values (241, 16, 3, 'Aimbo', '81980 Huxley Trail', 'Sete Cidades', 'Ilha de São Miguel', '9555-197', 'Portugal', 1, '2021-10-15', '2022-03-11', '2022-03-24', 183);
insert into "order" (order_id, customer_id, personnel_id, receiver, address, city, region, postal_code, country, shipper_id, order_date, required_date, shipped_date, freight_cost) values (242, 17, 5, 'Browsebug', '89 Kensington Circle', 'Almada', 'Setúbal', '2800-011', 'Portugal', 3, '2021-09-26', '2022-09-05', '2022-12-27', 248);
insert into "order" (order_id, customer_id, personnel_id, receiver, address, city, region, postal_code, country, shipper_id, order_date, required_date, shipped_date, freight_cost) values (243, 18, 4, 'Jamia', '69486 Union Circle', 'Emmeloord', 'Provincie Flevoland', '8304', 'Netherlands', 3, '2022-07-03', '2022-11-27', '2023-01-30', 174);
insert into "order" (order_id, customer_id, personnel_id, receiver, address, city, region, postal_code, country, shipper_id, order_date, required_date, shipped_date, freight_cost) values (244, 19, 6, 'Skipfire', '0 Fordem Street', 'Arnhem', 'Provincie Gelderland', '6824', 'Netherlands', 3, '2021-10-18', '2023-03-29', '2021-10-27', 207);
insert into "order" (order_id, customer_id, personnel_id, receiver, address, city, region, postal_code, country, shipper_id, order_date, required_date, shipped_date, freight_cost) values (245, 20, 11, 'Myworks', '093 Gerald Point', 'Villach', 'Kaernten', '9580', 'Austria', 2, '2021-05-03', '2021-07-04', '2022-05-16', 190);
insert into "order" (order_id, customer_id, personnel_id, receiver, address, city, region, postal_code, country, shipper_id, order_date, required_date, shipped_date, freight_cost) values (246, 21, 5, 'Eidel', '36883 Briar Crest Park', 'Debrecen', 'Hajdú-Bihar', '4045', 'Hungary', 2, '2021-06-24', '2021-10-30', '2022-02-03', 191);
insert into "order" (order_id, customer_id, personnel_id, receiver, address, city, region, postal_code, country, shipper_id, order_date, required_date, shipped_date, freight_cost) values (247, 22, 8, 'Topicshots', '07968 Johnson Park', 'Enschede', 'Provincie Overijssel', '7534', 'Netherlands', 3, '2021-06-07', '2021-10-22', '2021-10-30', 225);
insert into "order" (order_id, customer_id, personnel_id, receiver, address, city, region, postal_code, country, shipper_id, order_date, required_date, shipped_date, freight_cost) values (248, 23, 13, 'Chatterpoint', '998 Glendale Circle', 'Stuttgart', 'Baden-Württemberg', '70190', 'Germany', 2, '2021-03-08', '2021-11-02', '2022-11-12', 225);
insert into "order" (order_id, customer_id, personnel_id, receiver, address, city, region, postal_code, country, shipper_id, order_date, required_date, shipped_date, freight_cost) values (249, 24, 9, 'Skipfire', '048 Pearson Crossing', 'Amieirinha', 'Leiria', '2430-024', 'Portugal', 3, '2021-06-08', '2021-07-12', '2023-04-04', 235);
insert into "order" (order_id, customer_id, personnel_id, receiver, address, city, region, postal_code, country, shipper_id, order_date, required_date, shipped_date, freight_cost) values (250, 25, 2, 'Trunyx', '0526 Homewood Park', 'Dos Hermanas', 'Andalucia', '41703', 'Spain', 1, '2021-03-25', '2021-07-24', '2022-12-30', 214);
insert into "order" (order_id, customer_id, personnel_id, receiver, address, city, region, postal_code, country, shipper_id, order_date, required_date, shipped_date, freight_cost) values (251, 26, 12, 'Aivee', '493 Anniversary Pass', 'Pereiros', 'Coimbra', '3040-723', 'Portugal', 2, '2021-03-24', '2022-11-18', '2021-06-05', 123);
insert into "order" (order_id, customer_id, personnel_id, receiver, address, city, region, postal_code, country, shipper_id, order_date, required_date, shipped_date, freight_cost) values (252, 27, 4, 'Photojam', '1406 Acker Alley', 'Agrela', 'Viana do Castelo', '4980-501', 'Portugal', 1, '2021-07-17', '2022-05-03', '2021-09-06', 241);
insert into "order" (order_id, customer_id, personnel_id, receiver, address, city, region, postal_code, country, shipper_id, order_date, required_date, shipped_date, freight_cost) values (253, 28, 11, 'Wordify', '068 Hayes Terrace', 'Alphen aan den Rijn', 'Provincie Zuid-Holland', '2409', 'Netherlands', 1, '2021-09-24', '2023-01-02', '2023-03-10', 136);
insert into "order" (order_id, customer_id, personnel_id, receiver, address, city, region, postal_code, country, shipper_id, order_date, required_date, shipped_date, freight_cost) values (254, 29, 9, 'Fivebridge', '366 Boyd Junction', 'Lanhas', 'Braga', '4730-264', 'Portugal', 3, '2021-11-07', '2022-11-19', '2022-03-23', 176);
insert into "order" (order_id, customer_id, personnel_id, receiver, address, city, region, postal_code, country, shipper_id, order_date, required_date, shipped_date, freight_cost) values (255, 30, 3, 'DabZ', '27101 Lakeland Street', 'Mértola', 'Beja', '7750-321', 'Portugal', 2, '2021-11-12', '2022-11-27', '2022-03-06', 243);
insert into "order" (order_id, customer_id, personnel_id, receiver, address, city, region, postal_code, country, shipper_id, order_date, required_date, shipped_date, freight_cost) values (256, 31, 12, 'Kayveo', '8 Heffernan Lane', 'Casal Velho', 'Leiria', '3100-327', 'Portugal', 3, '2022-01-16', '2022-12-13', '2023-01-26', 139);
insert into "order" (order_id, customer_id, personnel_id, receiver, address, city, region, postal_code, country, shipper_id, order_date, required_date, shipped_date, freight_cost) values (257, 32, 11, 'Twitterworks', '95533 Vidon Point', 'Wirral', 'England', 'CH48', 'United Kingdom', 3, '2021-04-14', '2022-04-04', '2023-02-28', 262);
insert into "order" (order_id, customer_id, personnel_id, receiver, address, city, region, postal_code, country, shipper_id, order_date, required_date, shipped_date, freight_cost) values (258, 33, 4, 'Photojam', '5 Troy Trail', 'São João dos Montes', 'Lisboa', '2600-771', 'Portugal', 3, '2021-03-26', '2021-07-13', '2022-12-19', 111);
insert into "order" (order_id, customer_id, personnel_id, receiver, address, city, region, postal_code, country, shipper_id, order_date, required_date, shipped_date, freight_cost) values (259, 34, 11, 'Browsecat', '53 La Follette Alley', 'Évora', 'Évora', '7000-062', 'Portugal', 3, '2021-07-19', '2021-10-19', '2022-08-06', 256);
insert into "order" (order_id, customer_id, personnel_id, receiver, address, city, region, postal_code, country, shipper_id, order_date, required_date, shipped_date, freight_cost) values (260, 35, 15, 'Linklinks', '7 Loeprich Trail', 'Gandra', 'Porto', '4585-067', 'Portugal', 2, '2021-08-15', '2021-11-21', '2022-03-21', 212);
insert into "order" (order_id, customer_id, personnel_id, receiver, address, city, region, postal_code, country, shipper_id, order_date, required_date, shipped_date, freight_cost) values (261, 36, 14, 'Twitterbridge', '39 Elgar Plaza', 'Sneek', 'Provincie Friesland', '8604', 'Netherlands', 3, '2021-07-28', '2022-03-27', '2023-03-02', 171);
insert into "order" (order_id, customer_id, personnel_id, receiver, address, city, region, postal_code, country, shipper_id, order_date, required_date, shipped_date, freight_cost) values (262, 37, 9, 'Cogidoo', '8 Toban Terrace', 'Kinloch', 'Scotland', 'PH43', 'United Kingdom', 1, '2021-06-22', '2021-12-16', '2021-08-04', 154);
insert into "order" (order_id, customer_id, personnel_id, receiver, address, city, region, postal_code, country, shipper_id, order_date, required_date, shipped_date, freight_cost) values (263, 38, 6, 'Thoughtworks', '5 Pond Hill', 'Szeged', 'Csongrád', '6748', 'Hungary', 1, '2022-01-27', '2023-01-16', '2022-03-12', 157);
insert into "order" (order_id, customer_id, personnel_id, receiver, address, city, region, postal_code, country, shipper_id, order_date, required_date, shipped_date, freight_cost) values (264, 39, 5, 'Demivee', '46109 Jenifer Pass', 'Hamburg Harvestehude', 'Hamburg', '20249', 'Germany', 2, '2022-06-14', '2022-06-26', '2023-02-10', 250);
insert into "order" (order_id, customer_id, personnel_id, receiver, address, city, region, postal_code, country, shipper_id, order_date, required_date, shipped_date, freight_cost) values (265, 40, 10, 'Twinte', '445 Pennsylvania Circle', 'Fonte de Angeão', 'Aveiro', '3840-165', 'Portugal', 1, '2021-06-13', '2022-09-26', '2022-08-22', 139);
insert into "order" (order_id, customer_id, personnel_id, receiver, address, city, region, postal_code, country, shipper_id, order_date, required_date, shipped_date, freight_cost) values (266, 41, 12, 'Pixoboo', '6385 Arizona Hill', 'Brejos', 'Setúbal', '2860-318', 'Portugal', 3, '2021-11-12', '2022-04-23', '2022-07-26', 168);
insert into "order" (order_id, customer_id, personnel_id, receiver, address, city, region, postal_code, country, shipper_id, order_date, required_date, shipped_date, freight_cost) values (267, 42, 3, 'Fivebridge', '7587 Maple Wood Plaza', 'Igreja', 'Viseu', '5100-825', 'Portugal', 3, '2021-04-30', '2022-12-03', '2021-06-27', 216);
insert into "order" (order_id, customer_id, personnel_id, receiver, address, city, region, postal_code, country, shipper_id, order_date, required_date, shipped_date, freight_cost) values (268, 43, 4, 'Jazzy', '28766 Straubel Drive', 'Costa de Rios Frios', 'Coimbra', '3025-592', 'Portugal', 2, '2022-06-15', '2023-02-23', '2022-07-21', 188);
insert into "order" (order_id, customer_id, personnel_id, receiver, address, city, region, postal_code, country, shipper_id, order_date, required_date, shipped_date, freight_cost) values (269, 44, 11, 'Rhycero', '41 Straubel Hill', 'Sebadelhe', 'Guarda', '5155-705', 'Portugal', 1, '2022-07-06', '2022-08-18', '2022-09-15', 253);
insert into "order" (order_id, customer_id, personnel_id, receiver, address, city, region, postal_code, country, shipper_id, order_date, required_date, shipped_date, freight_cost) values (270, 45, 7, 'Twinte', '107 Golf Road', 'Bicesse', 'Lisboa', '2645-168', 'Portugal', 2, '2021-09-28', '2022-08-13', '2022-07-09', 262);
insert into "order" (order_id, customer_id, personnel_id, receiver, address, city, region, postal_code, country, shipper_id, order_date, required_date, shipped_date, freight_cost) values (271, 1, 1, 'Skinder', '72 Westport Parkway', 'Candoso', 'Bragança', '5360-035', 'Portugal', 3, '2021-07-09', '2022-02-19', '2022-04-21', 172);
insert into "order" (order_id, customer_id, personnel_id, receiver, address, city, region, postal_code, country, shipper_id, order_date, required_date, shipped_date, freight_cost) values (272, 2, 7, 'Layo', '06 Bobwhite Crossing', 'Pentre', 'Wales', 'SY4', 'United Kingdom', 1, '2021-10-07', '2022-12-23', '2022-08-07', 234);
insert into "order" (order_id, customer_id, personnel_id, receiver, address, city, region, postal_code, country, shipper_id, order_date, required_date, shipped_date, freight_cost) values (273, 3, 2, 'Babblestorm', '9 1st Way', 'Logroño', 'La Rioja', '26070', 'Spain', 2, '2021-04-23', '2022-03-18', '2021-09-30', 205);
insert into "order" (order_id, customer_id, personnel_id, receiver, address, city, region, postal_code, country, shipper_id, order_date, required_date, shipped_date, freight_cost) values (274, 4, 4, 'Kwinu', '49 Loftsgordon Junction', 'Cruz', 'Viseu', '3560-136', 'Portugal', 3, '2021-12-08', '2022-07-31', '2023-03-24', 242);
insert into "order" (order_id, customer_id, personnel_id, receiver, address, city, region, postal_code, country, shipper_id, order_date, required_date, shipped_date, freight_cost) values (275, 5, 7, 'Brainsphere', '3467 Michigan Center', 'Campo', 'Braga', '4715-477', 'Portugal', 3, '2021-03-27', '2021-06-02', '2022-09-28', 148);
insert into "order" (order_id, customer_id, personnel_id, receiver, address, city, region, postal_code, country, shipper_id, order_date, required_date, shipped_date, freight_cost) values (276, 6, 12, 'Voonder', '639 Scott Drive', 'Quinta do Sobrado', 'Leiria', '2440-176', 'Portugal', 2, '2022-02-02', '2023-02-21', '2022-08-30', 164);
insert into "order" (order_id, customer_id, personnel_id, receiver, address, city, region, postal_code, country, shipper_id, order_date, required_date, shipped_date, freight_cost) values (277, 7, 3, 'Zoovu', '9 Dixon Court', 'Padova', 'Veneto', '35141', 'Italy', 1, '2021-03-18', '2023-01-19', '2021-10-13', 158);
insert into "order" (order_id, customer_id, personnel_id, receiver, address, city, region, postal_code, country, shipper_id, order_date, required_date, shipped_date, freight_cost) values (278, 8, 7, 'Gabspot', '36610 Fulton Lane', 'Venda do Valador', 'Lisboa', '2665-299', 'Portugal', 1, '2022-01-21', '2023-01-29', '2022-02-27', 179);
insert into "order" (order_id, customer_id, personnel_id, receiver, address, city, region, postal_code, country, shipper_id, order_date, required_date, shipped_date, freight_cost) values (279, 9, 13, 'Realfire', '60654 North Alley', 'Mosteiros', 'Portalegre', '7340-214', 'Portugal', 3, '2021-08-03', '2022-03-20', '2022-06-09', 245);
insert into "order" (order_id, customer_id, personnel_id, receiver, address, city, region, postal_code, country, shipper_id, order_date, required_date, shipped_date, freight_cost) values (280, 10, 3, 'Topicstorm', '7728 Pond Center', 'Alcáçovas', 'Évora', '7090-021', 'Portugal', 1, '2021-10-09', '2021-12-09', '2022-06-23', 133);
insert into "order" (order_id, customer_id, personnel_id, receiver, address, city, region, postal_code, country, shipper_id, order_date, required_date, shipped_date, freight_cost) values (281, 11, 3, 'Roombo', '23 Jenna Parkway', 'Gândara de Aquém', 'Leiria', '2425-445', 'Portugal', 2, '2021-04-19', '2021-05-21', '2022-11-11', 109);
insert into "order" (order_id, customer_id, personnel_id, receiver, address, city, region, postal_code, country, shipper_id, order_date, required_date, shipped_date, freight_cost) values (282, 12, 9, 'Aivee', '76154 Autumn Leaf Hill', 'Penedo', 'Porto', '4650-080', 'Portugal', 1, '2021-04-29', '2023-03-06', '2021-04-29', 230);
insert into "order" (order_id, customer_id, personnel_id, receiver, address, city, region, postal_code, country, shipper_id, order_date, required_date, shipped_date, freight_cost) values (283, 13, 2, 'Jabbertype', '1 Mockingbird Trail', 'Aveiras de Cima', 'Lisboa', '2050-065', 'Portugal', 2, '2021-03-10', '2021-04-22', '2022-07-06', 198);
insert into "order" (order_id, customer_id, personnel_id, receiver, address, city, region, postal_code, country, shipper_id, order_date, required_date, shipped_date, freight_cost) values (284, 14, 14, 'Mydo', '229 Grover Junction', 'Granja do Tedo', 'Viseu', '5120-165', 'Portugal', 2, '2021-10-16', '2022-05-06', '2022-10-18', 212);
insert into "order" (order_id, customer_id, personnel_id, receiver, address, city, region, postal_code, country, shipper_id, order_date, required_date, shipped_date, freight_cost) values (285, 15, 7, 'Realpoint', '61 Katie Trail', 'Frankfurt am Main', 'Hessen', '60325', 'Germany', 1, '2021-09-12', '2023-02-20', '2022-02-22', 122);
insert into "order" (order_id, customer_id, personnel_id, receiver, address, city, region, postal_code, country, shipper_id, order_date, required_date, shipped_date, freight_cost) values (286, 16, 3, 'Eire', '6 Waywood Point', 'Trajouce', 'Lisboa', '2785-041', 'Portugal', 3, '2021-03-31', '2022-09-29', '2021-11-06', 174);
insert into "order" (order_id, customer_id, personnel_id, receiver, address, city, region, postal_code, country, shipper_id, order_date, required_date, shipped_date, freight_cost) values (287, 17, 2, 'Thoughtmix', '6992 Crownhardt Park', 'Alqueidão', 'Santarém', '2000-452', 'Portugal', 3, '2021-09-30', '2022-07-08', '2022-06-28', 116);
insert into "order" (order_id, customer_id, personnel_id, receiver, address, city, region, postal_code, country, shipper_id, order_date, required_date, shipped_date, freight_cost) values (288, 18, 6, 'Zoonder', '28 Waywood Pass', 'Taveiro', 'Coimbra', '3045-451', 'Portugal', 2, '2021-02-23', '2022-03-15', '2022-03-13', 103);
insert into "order" (order_id, customer_id, personnel_id, receiver, address, city, region, postal_code, country, shipper_id, order_date, required_date, shipped_date, freight_cost) values (289, 19, 1, 'Leexo', '659 Sundown Way', 'Alburitel', 'Santarém', '2490-005', 'Portugal', 2, '2021-07-09', '2021-07-31', '2023-01-03', 152);
insert into "order" (order_id, customer_id, personnel_id, receiver, address, city, region, postal_code, country, shipper_id, order_date, required_date, shipped_date, freight_cost) values (290, 20, 9, 'Oyoloo', '8779 Pierstorff Street', 'Enschede', 'Provincie Overijssel', '7524', 'Netherlands', 2, '2022-05-23', '2022-09-01', '2022-09-19', 151);
insert into "order" (order_id, customer_id, personnel_id, receiver, address, city, region, postal_code, country, shipper_id, order_date, required_date, shipped_date, freight_cost) values (291, 21, 7, 'Kanoodle', '4844 Bartillon Trail', 'Quinta da Queimada', 'Setúbal', '2855-326', 'Portugal', 1, '2021-05-13', '2022-01-09', '2021-07-27', 167);
insert into "order" (order_id, customer_id, personnel_id, receiver, address, city, region, postal_code, country, shipper_id, order_date, required_date, shipped_date, freight_cost) values (292, 22, 6, 'Livepath', '11859 Red Cloud Road', 'Albufeira', 'Faro', '8200-005', 'Portugal', 1, '2021-08-02', '2021-11-24', '2023-02-03', 224);
insert into "order" (order_id, customer_id, personnel_id, receiver, address, city, region, postal_code, country, shipper_id, order_date, required_date, shipped_date, freight_cost) values (293, 23, 14, 'Wikibox', '428 Rowland Center', 'Newtown', 'England', 'RG20', 'United Kingdom', 3, '2021-08-10', '2021-10-30', '2021-11-26', 228);
insert into "order" (order_id, customer_id, personnel_id, receiver, address, city, region, postal_code, country, shipper_id, order_date, required_date, shipped_date, freight_cost) values (294, 24, 9, 'Mynte', '99 Melody Junction', 'Almargem do Bispo', 'Lisboa', '2715-217', 'Portugal', 2, '2022-04-24', '2022-08-22', '2022-11-10', 190);
insert into "order" (order_id, customer_id, personnel_id, receiver, address, city, region, postal_code, country, shipper_id, order_date, required_date, shipped_date, freight_cost) values (295, 25, 5, 'Wordware', '1719 Oriole Way', 'Igreja', 'Vila Real', '5050-401', 'Portugal', 3, '2021-04-17', '2022-06-15', '2021-10-27', 194);
insert into "order" (order_id, customer_id, personnel_id, receiver, address, city, region, postal_code, country, shipper_id, order_date, required_date, shipped_date, freight_cost) values (296, 26, 3, 'Dablist', '1 Morning Avenue', 'Padova', 'Veneto', '35141', 'Italy', 1, '2022-10-12', '2023-01-03', '2023-02-18', 107);
insert into "order" (order_id, customer_id, personnel_id, receiver, address, city, region, postal_code, country, shipper_id, order_date, required_date, shipped_date, freight_cost) values (297, 27, 3, 'Yadel', '5 Springview Circle', 'Berlin', 'Berlin', '10179', 'Germany', 3, '2021-06-03', '2021-12-02', '2022-06-05', 230);
insert into "order" (order_id, customer_id, personnel_id, receiver, address, city, region, postal_code, country, shipper_id, order_date, required_date, shipped_date, freight_cost) values (298, 28, 15, 'Gabspot', '4 Almo Pass', 'Orvalho', 'Castelo Branco', '6185-302', 'Portugal', 1, '2021-07-15', '2022-05-18', '2023-03-20', 157);
insert into "order" (order_id, customer_id, personnel_id, receiver, address, city, region, postal_code, country, shipper_id, order_date, required_date, shipped_date, freight_cost) values (299, 29, 6, 'Browsebug', '518 Fremont Trail', 'Martinlongo', 'Faro', '8970-255', 'Portugal', 1, '2021-02-19', '2021-10-12', '2021-06-29', 253);
insert into "order" (order_id, customer_id, personnel_id, receiver, address, city, region, postal_code, country, shipper_id, order_date, required_date, shipped_date, freight_cost) values (300, 30, 15, 'Skyvu', '2 Parkside Trail', 'Schäffern', 'Steiermark', '8243', 'Austria', 1, '2021-03-17', '2022-01-06', '2022-09-23', 216);

insert into order_details (order_id, product_id, price_per_unit, quantity, discount) values (97, 2, 72, 7, 4);
insert into order_details (order_id, product_id, price_per_unit, quantity, discount) values (184, 26, 100, 27, 20);
insert into order_details (order_id, product_id, price_per_unit, quantity, discount) values (155, 10, 87, 51, 1);
insert into order_details (order_id, product_id, price_per_unit, quantity, discount) values (202, 1, 46, 82, 1);
insert into order_details (order_id, product_id, price_per_unit, quantity, discount) values (204, 11, 56, 74, 18);
insert into order_details (order_id, product_id, price_per_unit, quantity, discount) values (294, 28, 15, 79, 0);
insert into order_details (order_id, product_id, price_per_unit, quantity, discount) values (196, 21, 12, 95, 25);
insert into order_details (order_id, product_id, price_per_unit, quantity, discount) values (262, 9, 17, 40, 0);
insert into order_details (order_id, product_id, price_per_unit, quantity, discount) values (41, 27, 59, 59, 0);
insert into order_details (order_id, product_id, price_per_unit, quantity, discount) values (78, 13, 12, 6, 14);
insert into order_details (order_id, product_id, price_per_unit, quantity, discount) values (125, 2, 91, 77, 0);
insert into order_details (order_id, product_id, price_per_unit, quantity, discount) values (164, 7, 1, 33, 6);
insert into order_details (order_id, product_id, price_per_unit, quantity, discount) values (226, 21, 35, 60, 1);
insert into order_details (order_id, product_id, price_per_unit, quantity, discount) values (73, 5, 45, 50, 23);
insert into order_details (order_id, product_id, price_per_unit, quantity, discount) values (77, 14, 74, 46, 0);
insert into order_details (order_id, product_id, price_per_unit, quantity, discount) values (51, 28, 12, 94, 0);
insert into order_details (order_id, product_id, price_per_unit, quantity, discount) values (269, 16, 42, 63, 2);
insert into order_details (order_id, product_id, price_per_unit, quantity, discount) values (10, 25, 91, 63, 25);
insert into order_details (order_id, product_id, price_per_unit, quantity, discount) values (135, 4, 29, 39, 0);
insert into order_details (order_id, product_id, price_per_unit, quantity, discount) values (160, 16, 79, 22, 25);
insert into order_details (order_id, product_id, price_per_unit, quantity, discount) values (11, 11, 51, 66, 0);
insert into order_details (order_id, product_id, price_per_unit, quantity, discount) values (296, 8, 98, 53, 3);
insert into order_details (order_id, product_id, price_per_unit, quantity, discount) values (126, 13, 6, 1, 0);
insert into order_details (order_id, product_id, price_per_unit, quantity, discount) values (297, 6, 76, 13, 11);
insert into order_details (order_id, product_id, price_per_unit, quantity, discount) values (39, 2, 95, 50, 24);
insert into order_details (order_id, product_id, price_per_unit, quantity, discount) values (180, 24, 29, 2, 5);
insert into order_details (order_id, product_id, price_per_unit, quantity, discount) values (241, 24, 73, 10, 6);
insert into order_details (order_id, product_id, price_per_unit, quantity, discount) values (49, 18, 83, 96, 22);
insert into order_details (order_id, product_id, price_per_unit, quantity, discount) values (102, 5, 54, 7, 8);
insert into order_details (order_id, product_id, price_per_unit, quantity, discount) values (10, 21, 38, 64, 20);
insert into order_details (order_id, product_id, price_per_unit, quantity, discount) values (76, 6, 44, 61, 22);
insert into order_details (order_id, product_id, price_per_unit, quantity, discount) values (35, 18, 85, 81, 18);
insert into order_details (order_id, product_id, price_per_unit, quantity, discount) values (204, 5, 25, 21, 0);
insert into order_details (order_id, product_id, price_per_unit, quantity, discount) values (183, 11, 72, 74, 0);
insert into order_details (order_id, product_id, price_per_unit, quantity, discount) values (6, 27, 45, 26, 0);
insert into order_details (order_id, product_id, price_per_unit, quantity, discount) values (107, 21, 70, 5, 15);
insert into order_details (order_id, product_id, price_per_unit, quantity, discount) values (279, 20, 9, 23, 0);
insert into order_details (order_id, product_id, price_per_unit, quantity, discount) values (285, 30, 17, 38, 7);
insert into order_details (order_id, product_id, price_per_unit, quantity, discount) values (186, 6, 48, 52, 0);
insert into order_details (order_id, product_id, price_per_unit, quantity, discount) values (198, 25, 44, 32, 25);
insert into order_details (order_id, product_id, price_per_unit, quantity, discount) values (81, 29, 82, 75, 13);
insert into order_details (order_id, product_id, price_per_unit, quantity, discount) values (143, 13, 19, 75, 7);
insert into order_details (order_id, product_id, price_per_unit, quantity, discount) values (243, 27, 96, 99, 0);
insert into order_details (order_id, product_id, price_per_unit, quantity, discount) values (190, 25, 93, 47, 14);
insert into order_details (order_id, product_id, price_per_unit, quantity, discount) values (212, 28, 49, 18, 0);
insert into order_details (order_id, product_id, price_per_unit, quantity, discount) values (123, 22, 15, 40, 0);
insert into order_details (order_id, product_id, price_per_unit, quantity, discount) values (266, 26, 90, 8, 16);
insert into order_details (order_id, product_id, price_per_unit, quantity, discount) values (54, 16, 28, 98, 23);
insert into order_details (order_id, product_id, price_per_unit, quantity, discount) values (94, 15, 60, 95, 12);
insert into order_details (order_id, product_id, price_per_unit, quantity, discount) values (160, 12, 79, 84, 22);
insert into order_details (order_id, product_id, price_per_unit, quantity, discount) values (296, 7, 39, 26, 19);
insert into order_details (order_id, product_id, price_per_unit, quantity, discount) values (238, 17, 10, 11, 23);
insert into order_details (order_id, product_id, price_per_unit, quantity, discount) values (297, 25, 49, 92, 2);
insert into order_details (order_id, product_id, price_per_unit, quantity, discount) values (232, 26, 49, 95, 0);
insert into order_details (order_id, product_id, price_per_unit, quantity, discount) values (36, 5, 70, 79, 5);
insert into order_details (order_id, product_id, price_per_unit, quantity, discount) values (284, 23, 89, 67, 0);
insert into order_details (order_id, product_id, price_per_unit, quantity, discount) values (165, 17, 85, 82, 23);
insert into order_details (order_id, product_id, price_per_unit, quantity, discount) values (45, 23, 18, 68, 0);
insert into order_details (order_id, product_id, price_per_unit, quantity, discount) values (160, 23, 54, 10, 0);
insert into order_details (order_id, product_id, price_per_unit, quantity, discount) values (102, 26, 98, 14, 0);
insert into order_details (order_id, product_id, price_per_unit, quantity, discount) values (67, 3, 14, 31, 0);
insert into order_details (order_id, product_id, price_per_unit, quantity, discount) values (284, 12, 85, 8, 0);
insert into order_details (order_id, product_id, price_per_unit, quantity, discount) values (70, 24, 74, 80, 2);
insert into order_details (order_id, product_id, price_per_unit, quantity, discount) values (70, 12, 99, 53, 0);
insert into order_details (order_id, product_id, price_per_unit, quantity, discount) values (232, 20, 33, 2, 0);
insert into order_details (order_id, product_id, price_per_unit, quantity, discount) values (81, 20, 41, 77, 0);
insert into order_details (order_id, product_id, price_per_unit, quantity, discount) values (209, 11, 18, 22, 16);
insert into order_details (order_id, product_id, price_per_unit, quantity, discount) values (159, 13, 51, 89, 2);
insert into order_details (order_id, product_id, price_per_unit, quantity, discount) values (104, 2, 25, 78, 9);
insert into order_details (order_id, product_id, price_per_unit, quantity, discount) values (135, 10, 85, 43, 6);
insert into order_details (order_id, product_id, price_per_unit, quantity, discount) values (157, 8, 59, 85, 9);
insert into order_details (order_id, product_id, price_per_unit, quantity, discount) values (239, 19, 62, 67, 13);
insert into order_details (order_id, product_id, price_per_unit, quantity, discount) values (143, 5, 11, 79, 17);
insert into order_details (order_id, product_id, price_per_unit, quantity, discount) values (18, 15, 13, 21, 11);
insert into order_details (order_id, product_id, price_per_unit, quantity, discount) values (3, 30, 17, 89, 11);
insert into order_details (order_id, product_id, price_per_unit, quantity, discount) values (234, 30, 11, 60, 0);
insert into order_details (order_id, product_id, price_per_unit, quantity, discount) values (300, 28, 58, 50, 23);
insert into order_details (order_id, product_id, price_per_unit, quantity, discount) values (113, 30, 4, 24, 8);
insert into order_details (order_id, product_id, price_per_unit, quantity, discount) values (12, 20, 42, 41, 0);
insert into order_details (order_id, product_id, price_per_unit, quantity, discount) values (71, 6, 28, 15, 0);
insert into order_details (order_id, product_id, price_per_unit, quantity, discount) values (299, 7, 91, 81, 17);
insert into order_details (order_id, product_id, price_per_unit, quantity, discount) values (226, 25, 27, 20, 19);
insert into order_details (order_id, product_id, price_per_unit, quantity, discount) values (86, 21, 7, 23, 11);
insert into order_details (order_id, product_id, price_per_unit, quantity, discount) values (63, 21, 56, 32, 0);
insert into order_details (order_id, product_id, price_per_unit, quantity, discount) values (196, 18, 93, 56, 19);
insert into order_details (order_id, product_id, price_per_unit, quantity, discount) values (135, 15, 93, 86, 0);
insert into order_details (order_id, product_id, price_per_unit, quantity, discount) values (142, 14, 10, 52, 0);
insert into order_details (order_id, product_id, price_per_unit, quantity, discount) values (63, 22, 58, 19, 0);
insert into order_details (order_id, product_id, price_per_unit, quantity, discount) values (113, 18, 55, 95, 0);
insert into order_details (order_id, product_id, price_per_unit, quantity, discount) values (183, 18, 17, 89, 23);
insert into order_details (order_id, product_id, price_per_unit, quantity, discount) values (211, 15, 50, 33, 0);
insert into order_details (order_id, product_id, price_per_unit, quantity, discount) values (209, 23, 29, 81, 22);
insert into order_details (order_id, product_id, price_per_unit, quantity, discount) values (232, 12, 34, 87, 13);
insert into order_details (order_id, product_id, price_per_unit, quantity, discount) values (161, 26, 91, 48, 21);
insert into order_details (order_id, product_id, price_per_unit, quantity, discount) values (15, 27, 71, 67, 0);
insert into order_details (order_id, product_id, price_per_unit, quantity, discount) values (130, 27, 71, 90, 15);
insert into order_details (order_id, product_id, price_per_unit, quantity, discount) values (33, 1, 17, 83, 0);
insert into order_details (order_id, product_id, price_per_unit, quantity, discount) values (81, 15, 11, 62, 0);
insert into order_details (order_id, product_id, price_per_unit, quantity, discount) values (172, 2, 78, 12, 24);
insert into order_details (order_id, product_id, price_per_unit, quantity, discount) values (231, 25, 44, 53, 10);
insert into order_details (order_id, product_id, price_per_unit, quantity, discount) values (191, 12, 25, 61, 12);
insert into order_details (order_id, product_id, price_per_unit, quantity, discount) values (52, 21, 9, 75, 17);
insert into order_details (order_id, product_id, price_per_unit, quantity, discount) values (198, 15, 89, 44, 0);
insert into order_details (order_id, product_id, price_per_unit, quantity, discount) values (278, 2, 67, 37, 13);
insert into order_details (order_id, product_id, price_per_unit, quantity, discount) values (252, 28, 12, 48, 14);
insert into order_details (order_id, product_id, price_per_unit, quantity, discount) values (157, 7, 34, 54, 0);
insert into order_details (order_id, product_id, price_per_unit, quantity, discount) values (57, 27, 37, 17, 0);
insert into order_details (order_id, product_id, price_per_unit, quantity, discount) values (22, 11, 92, 17, 7);
insert into order_details (order_id, product_id, price_per_unit, quantity, discount) values (243, 28, 87, 79, 9);
insert into order_details (order_id, product_id, price_per_unit, quantity, discount) values (79, 30, 75, 9, 0);
insert into order_details (order_id, product_id, price_per_unit, quantity, discount) values (284, 15, 77, 82, 14);
insert into order_details (order_id, product_id, price_per_unit, quantity, discount) values (26, 3, 18, 11, 0);
insert into order_details (order_id, product_id, price_per_unit, quantity, discount) values (10, 3, 27, 73, 0);
insert into order_details (order_id, product_id, price_per_unit, quantity, discount) values (73, 21, 89, 34, 6);
insert into order_details (order_id, product_id, price_per_unit, quantity, discount) values (265, 18, 30, 92, 0);
insert into order_details (order_id, product_id, price_per_unit, quantity, discount) values (139, 8, 91, 26, 14);
insert into order_details (order_id, product_id, price_per_unit, quantity, discount) values (240, 27, 57, 11, 0);
insert into order_details (order_id, product_id, price_per_unit, quantity, discount) values (61, 23, 49, 88, 3);
insert into order_details (order_id, product_id, price_per_unit, quantity, discount) values (17, 2, 73, 59, 0);
insert into order_details (order_id, product_id, price_per_unit, quantity, discount) values (59, 8, 81, 87, 5);
insert into order_details (order_id, product_id, price_per_unit, quantity, discount) values (137, 7, 58, 28, 0);
insert into order_details (order_id, product_id, price_per_unit, quantity, discount) values (169, 1, 9, 20, 0);
insert into order_details (order_id, product_id, price_per_unit, quantity, discount) values (53, 3, 85, 93, 24);
insert into order_details (order_id, product_id, price_per_unit, quantity, discount) values (156, 26, 41, 61, 13);
insert into order_details (order_id, product_id, price_per_unit, quantity, discount) values (58, 25, 31, 97, 0);
insert into order_details (order_id, product_id, price_per_unit, quantity, discount) values (268, 28, 70, 56, 23);
insert into order_details (order_id, product_id, price_per_unit, quantity, discount) values (27, 2, 70, 31, 0);
insert into order_details (order_id, product_id, price_per_unit, quantity, discount) values (87, 9, 26, 20, 0);
insert into order_details (order_id, product_id, price_per_unit, quantity, discount) values (220, 8, 11, 92, 0);
insert into order_details (order_id, product_id, price_per_unit, quantity, discount) values (32, 25, 60, 64, 7);
insert into order_details (order_id, product_id, price_per_unit, quantity, discount) values (36, 25, 23, 43, 1);
insert into order_details (order_id, product_id, price_per_unit, quantity, discount) values (257, 6, 15, 33, 11);
insert into order_details (order_id, product_id, price_per_unit, quantity, discount) values (205, 15, 70, 32, 13);
insert into order_details (order_id, product_id, price_per_unit, quantity, discount) values (21, 6, 55, 69, 7);
insert into order_details (order_id, product_id, price_per_unit, quantity, discount) values (278, 4, 25, 16, 14);
insert into order_details (order_id, product_id, price_per_unit, quantity, discount) values (157, 26, 49, 1, 0);
insert into order_details (order_id, product_id, price_per_unit, quantity, discount) values (172, 15, 35, 38, 19);
insert into order_details (order_id, product_id, price_per_unit, quantity, discount) values (65, 24, 27, 77, 0);
insert into order_details (order_id, product_id, price_per_unit, quantity, discount) values (165, 16, 98, 21, 2);
insert into order_details (order_id, product_id, price_per_unit, quantity, discount) values (203, 8, 42, 23, 20);
insert into order_details (order_id, product_id, price_per_unit, quantity, discount) values (233, 17, 86, 87, 0);
insert into order_details (order_id, product_id, price_per_unit, quantity, discount) values (203, 25, 43, 21, 6);
insert into order_details (order_id, product_id, price_per_unit, quantity, discount) values (281, 26, 68, 97, 4);
insert into order_details (order_id, product_id, price_per_unit, quantity, discount) values (85, 10, 45, 45, 4);
insert into order_details (order_id, product_id, price_per_unit, quantity, discount) values (34, 9, 9, 48, 0);
insert into order_details (order_id, product_id, price_per_unit, quantity, discount) values (196, 5, 76, 90, 17);
insert into order_details (order_id, product_id, price_per_unit, quantity, discount) values (128, 22, 32, 31, 0);
insert into order_details (order_id, product_id, price_per_unit, quantity, discount) values (170, 29, 85, 75, 24);
insert into order_details (order_id, product_id, price_per_unit, quantity, discount) values (283, 12, 10, 13, 0);
insert into order_details (order_id, product_id, price_per_unit, quantity, discount) values (290, 3, 71, 66, 0);
insert into order_details (order_id, product_id, price_per_unit, quantity, discount) values (280, 16, 19, 11, 0);
insert into order_details (order_id, product_id, price_per_unit, quantity, discount) values (284, 7, 88, 96, 0);
insert into order_details (order_id, product_id, price_per_unit, quantity, discount) values (287, 12, 30, 99, 13);
insert into order_details (order_id, product_id, price_per_unit, quantity, discount) values (212, 3, 25, 24, 20);
insert into order_details (order_id, product_id, price_per_unit, quantity, discount) values (146, 3, 65, 60, 0);
insert into order_details (order_id, product_id, price_per_unit, quantity, discount) values (217, 29, 39, 83, 1);
insert into order_details (order_id, product_id, price_per_unit, quantity, discount) values (191, 11, 45, 90, 0);
insert into order_details (order_id, product_id, price_per_unit, quantity, discount) values (151, 4, 47, 18, 16);
insert into order_details (order_id, product_id, price_per_unit, quantity, discount) values (10, 30, 82, 10, 0);
insert into order_details (order_id, product_id, price_per_unit, quantity, discount) values (157, 10, 28, 13, 2);
insert into order_details (order_id, product_id, price_per_unit, quantity, discount) values (238, 19, 25, 27, 0);
insert into order_details (order_id, product_id, price_per_unit, quantity, discount) values (271, 23, 2, 97, 0);
insert into order_details (order_id, product_id, price_per_unit, quantity, discount) values (109, 2, 12, 60, 0);
insert into order_details (order_id, product_id, price_per_unit, quantity, discount) values (230, 2, 12, 35, 15);
insert into order_details (order_id, product_id, price_per_unit, quantity, discount) values (224, 3, 79, 30, 6);
insert into order_details (order_id, product_id, price_per_unit, quantity, discount) values (97, 21, 91, 47, 0);
insert into order_details (order_id, product_id, price_per_unit, quantity, discount) values (175, 9, 43, 71, 0);
insert into order_details (order_id, product_id, price_per_unit, quantity, discount) values (121, 11, 100, 95, 25);
insert into order_details (order_id, product_id, price_per_unit, quantity, discount) values (282, 3, 85, 82, 1);
insert into order_details (order_id, product_id, price_per_unit, quantity, discount) values (169, 22, 91, 11, 0);
insert into order_details (order_id, product_id, price_per_unit, quantity, discount) values (208, 20, 18, 16, 25);
insert into order_details (order_id, product_id, price_per_unit, quantity, discount) values (175, 24, 55, 18, 0);
insert into order_details (order_id, product_id, price_per_unit, quantity, discount) values (5, 21, 18, 17, 11);
insert into order_details (order_id, product_id, price_per_unit, quantity, discount) values (266, 20, 67, 45, 2);
insert into order_details (order_id, product_id, price_per_unit, quantity, discount) values (230, 8, 56, 2, 0);
insert into order_details (order_id, product_id, price_per_unit, quantity, discount) values (216, 16, 87, 79, 22);
insert into order_details (order_id, product_id, price_per_unit, quantity, discount) values (133, 20, 45, 64, 11);
insert into order_details (order_id, product_id, price_per_unit, quantity, discount) values (281, 28, 32, 36, 0);
insert into order_details (order_id, product_id, price_per_unit, quantity, discount) values (205, 1, 68, 19, 0);
insert into order_details (order_id, product_id, price_per_unit, quantity, discount) values (58, 27, 19, 23, 0);
insert into order_details (order_id, product_id, price_per_unit, quantity, discount) values (67, 20, 60, 37, 22);
insert into order_details (order_id, product_id, price_per_unit, quantity, discount) values (263, 14, 65, 24, 9);
insert into order_details (order_id, product_id, price_per_unit, quantity, discount) values (179, 24, 25, 77, 0);
insert into order_details (order_id, product_id, price_per_unit, quantity, discount) values (254, 27, 89, 33, 18);
insert into order_details (order_id, product_id, price_per_unit, quantity, discount) values (147, 2, 6, 45, 22);
insert into order_details (order_id, product_id, price_per_unit, quantity, discount) values (20, 3, 98, 79, 6);
insert into order_details (order_id, product_id, price_per_unit, quantity, discount) values (223, 3, 41, 6, 0);
insert into order_details (order_id, product_id, price_per_unit, quantity, discount) values (128, 23, 74, 85, 0);
insert into order_details (order_id, product_id, price_per_unit, quantity, discount) values (19, 13, 82, 67, 20);
insert into order_details (order_id, product_id, price_per_unit, quantity, discount) values (218, 4, 60, 6, 2);
insert into order_details (order_id, product_id, price_per_unit, quantity, discount) values (235, 25, 27, 19, 3);
insert into order_details (order_id, product_id, price_per_unit, quantity, discount) values (169, 4, 38, 17, 0);
insert into order_details (order_id, product_id, price_per_unit, quantity, discount) values (203, 15, 60, 12, 10);
insert into order_details (order_id, product_id, price_per_unit, quantity, discount) values (41, 29, 97, 42, 0);
insert into order_details (order_id, product_id, price_per_unit, quantity, discount) values (80, 26, 48, 45, 0);
insert into order_details (order_id, product_id, price_per_unit, quantity, discount) values (138, 18, 73, 87, 0);
insert into order_details (order_id, product_id, price_per_unit, quantity, discount) values (288, 29, 67, 46, 0);
insert into order_details (order_id, product_id, price_per_unit, quantity, discount) values (129, 26, 56, 50, 0);
insert into order_details (order_id, product_id, price_per_unit, quantity, discount) values (224, 30, 42, 2, 2);
insert into order_details (order_id, product_id, price_per_unit, quantity, discount) values (107, 12, 89, 49, 0);
insert into order_details (order_id, product_id, price_per_unit, quantity, discount) values (236, 27, 58, 1, 0);
insert into order_details (order_id, product_id, price_per_unit, quantity, discount) values (272, 29, 8, 89, 21);
insert into order_details (order_id, product_id, price_per_unit, quantity, discount) values (293, 25, 57, 88, 20);
insert into order_details (order_id, product_id, price_per_unit, quantity, discount) values (207, 28, 98, 6, 3);
insert into order_details (order_id, product_id, price_per_unit, quantity, discount) values (81, 6, 8, 68, 5);
insert into order_details (order_id, product_id, price_per_unit, quantity, discount) values (12, 26, 70, 68, 2);
insert into order_details (order_id, product_id, price_per_unit, quantity, discount) values (272, 1, 7, 83, 24);
insert into order_details (order_id, product_id, price_per_unit, quantity, discount) values (201, 7, 21, 93, 0);
insert into order_details (order_id, product_id, price_per_unit, quantity, discount) values (4, 20, 4, 73, 0);
insert into order_details (order_id, product_id, price_per_unit, quantity, discount) values (124, 25, 16, 33, 17);
insert into order_details (order_id, product_id, price_per_unit, quantity, discount) values (253, 22, 29, 91, 11);
insert into order_details (order_id, product_id, price_per_unit, quantity, discount) values (132, 7, 41, 36, 4);
insert into order_details (order_id, product_id, price_per_unit, quantity, discount) values (195, 20, 100, 21, 8);
insert into order_details (order_id, product_id, price_per_unit, quantity, discount) values (95, 29, 99, 21, 0);
insert into order_details (order_id, product_id, price_per_unit, quantity, discount) values (209, 19, 68, 52, 0);
insert into order_details (order_id, product_id, price_per_unit, quantity, discount) values (229, 3, 84, 39, 0);
insert into order_details (order_id, product_id, price_per_unit, quantity, discount) values (132, 3, 48, 56, 0);
insert into order_details (order_id, product_id, price_per_unit, quantity, discount) values (44, 20, 47, 1, 0);
insert into order_details (order_id, product_id, price_per_unit, quantity, discount) values (19, 18, 12, 58, 0);
insert into order_details (order_id, product_id, price_per_unit, quantity, discount) values (149, 8, 96, 55, 3);
insert into order_details (order_id, product_id, price_per_unit, quantity, discount) values (255, 23, 8, 93, 0);
insert into order_details (order_id, product_id, price_per_unit, quantity, discount) values (191, 1, 31, 83, 19);
insert into order_details (order_id, product_id, price_per_unit, quantity, discount) values (12, 17, 54, 13, 0);
insert into order_details (order_id, product_id, price_per_unit, quantity, discount) values (142, 8, 53, 69, 21);
insert into order_details (order_id, product_id, price_per_unit, quantity, discount) values (69, 7, 95, 12, 0);
insert into order_details (order_id, product_id, price_per_unit, quantity, discount) values (109, 11, 97, 18, 17);
insert into order_details (order_id, product_id, price_per_unit, quantity, discount) values (198, 18, 59, 41, 21);
insert into order_details (order_id, product_id, price_per_unit, quantity, discount) values (119, 30, 10, 40, 16);
insert into order_details (order_id, product_id, price_per_unit, quantity, discount) values (34, 19, 33, 8, 0);
insert into order_details (order_id, product_id, price_per_unit, quantity, discount) values (105, 6, 40, 70, 10);
insert into order_details (order_id, product_id, price_per_unit, quantity, discount) values (43, 20, 45, 51, 7);
insert into order_details (order_id, product_id, price_per_unit, quantity, discount) values (143, 20, 68, 71, 10);
insert into order_details (order_id, product_id, price_per_unit, quantity, discount) values (207, 1, 79, 75, 9);
insert into order_details (order_id, product_id, price_per_unit, quantity, discount) values (21, 5, 88, 44, 6);
insert into order_details (order_id, product_id, price_per_unit, quantity, discount) values (28, 5, 2, 38, 17);
insert into order_details (order_id, product_id, price_per_unit, quantity, discount) values (183, 19, 42, 82, 15);
insert into order_details (order_id, product_id, price_per_unit, quantity, discount) values (99, 30, 63, 94, 12);
insert into order_details (order_id, product_id, price_per_unit, quantity, discount) values (21, 30, 79, 92, 11);
insert into order_details (order_id, product_id, price_per_unit, quantity, discount) values (87, 10, 23, 42, 12);
insert into order_details (order_id, product_id, price_per_unit, quantity, discount) values (220, 23, 13, 23, 0);
insert into order_details (order_id, product_id, price_per_unit, quantity, discount) values (177, 18, 60, 68, 0);
insert into order_details (order_id, product_id, price_per_unit, quantity, discount) values (207, 25, 15, 18, 24);
insert into order_details (order_id, product_id, price_per_unit, quantity, discount) values (153, 12, 52, 63, 13);
insert into order_details (order_id, product_id, price_per_unit, quantity, discount) values (20, 8, 11, 69, 10);
insert into order_details (order_id, product_id, price_per_unit, quantity, discount) values (243, 25, 37, 94, 0);
insert into order_details (order_id, product_id, price_per_unit, quantity, discount) values (168, 28, 14, 77, 17);
insert into order_details (order_id, product_id, price_per_unit, quantity, discount) values (193, 14, 7, 2, 0);
insert into order_details (order_id, product_id, price_per_unit, quantity, discount) values (220, 17, 65, 27, 0);
insert into order_details (order_id, product_id, price_per_unit, quantity, discount) values (268, 10, 49, 5, 0);
insert into order_details (order_id, product_id, price_per_unit, quantity, discount) values (187, 12, 85, 95, 0);
insert into order_details (order_id, product_id, price_per_unit, quantity, discount) values (79, 11, 76, 24, 9);
insert into order_details (order_id, product_id, price_per_unit, quantity, discount) values (55, 13, 62, 52, 6);
insert into order_details (order_id, product_id, price_per_unit, quantity, discount) values (34, 27, 78, 34, 12);
insert into order_details (order_id, product_id, price_per_unit, quantity, discount) values (190, 26, 16, 70, 25);
insert into order_details (order_id, product_id, price_per_unit, quantity, discount) values (66, 8, 100, 35, 16);
insert into order_details (order_id, product_id, price_per_unit, quantity, discount) values (22, 4, 74, 57, 0);
insert into order_details (order_id, product_id, price_per_unit, quantity, discount) values (178, 2, 100, 26, 23);
insert into order_details (order_id, product_id, price_per_unit, quantity, discount) values (269, 9, 51, 95, 0);
insert into order_details (order_id, product_id, price_per_unit, quantity, discount) values (294, 10, 54, 6, 12);
insert into order_details (order_id, product_id, price_per_unit, quantity, discount) values (179, 26, 44, 34, 0);
insert into order_details (order_id, product_id, price_per_unit, quantity, discount) values (285, 12, 42, 100, 18);
insert into order_details (order_id, product_id, price_per_unit, quantity, discount) values (122, 26, 43, 15, 20);
insert into order_details (order_id, product_id, price_per_unit, quantity, discount) values (96, 19, 3, 52, 8);
insert into order_details (order_id, product_id, price_per_unit, quantity, discount) values (144, 26, 62, 89, 12);
insert into order_details (order_id, product_id, price_per_unit, quantity, discount) values (123, 2, 16, 18, 0);
insert into order_details (order_id, product_id, price_per_unit, quantity, discount) values (169, 2, 46, 70, 0);
insert into order_details (order_id, product_id, price_per_unit, quantity, discount) values (56, 11, 52, 35, 21);
insert into order_details (order_id, product_id, price_per_unit, quantity, discount) values (18, 4, 27, 89, 0);
insert into order_details (order_id, product_id, price_per_unit, quantity, discount) values (11, 9, 76, 85, 15);
insert into order_details (order_id, product_id, price_per_unit, quantity, discount) values (296, 10, 19, 88, 0);
insert into order_details (order_id, product_id, price_per_unit, quantity, discount) values (46, 30, 38, 46, 0);
insert into order_details (order_id, product_id, price_per_unit, quantity, discount) values (289, 28, 98, 52, 1);
insert into order_details (order_id, product_id, price_per_unit, quantity, discount) values (33, 2, 56, 12, 13);
insert into order_details (order_id, product_id, price_per_unit, quantity, discount) values (165, 22, 39, 73, 17);
insert into order_details (order_id, product_id, price_per_unit, quantity, discount) values (286, 25, 40, 27, 0);
insert into order_details (order_id, product_id, price_per_unit, quantity, discount) values (145, 10, 42, 33, 25);
insert into order_details (order_id, product_id, price_per_unit, quantity, discount) values (146, 10, 6, 83, 0);
insert into order_details (order_id, product_id, price_per_unit, quantity, discount) values (99, 27, 75, 47, 0);
insert into order_details (order_id, product_id, price_per_unit, quantity, discount) values (75, 6, 62, 46, 0);
insert into order_details (order_id, product_id, price_per_unit, quantity, discount) values (223, 18, 33, 88, 22);
insert into order_details (order_id, product_id, price_per_unit, quantity, discount) values (249, 26, 12, 82, 0);
insert into order_details (order_id, product_id, price_per_unit, quantity, discount) values (271, 12, 99, 53, 16);
insert into order_details (order_id, product_id, price_per_unit, quantity, discount) values (14, 9, 43, 47, 6);
insert into order_details (order_id, product_id, price_per_unit, quantity, discount) values (70, 19, 74, 35, 0);
insert into order_details (order_id, product_id, price_per_unit, quantity, discount) values (271, 22, 50, 88, 16);
insert into order_details (order_id, product_id, price_per_unit, quantity, discount) values (94, 17, 13, 63, 1);
insert into order_details (order_id, product_id, price_per_unit, quantity, discount) values (230, 16, 51, 11, 0);
insert into order_details (order_id, product_id, price_per_unit, quantity, discount) values (112, 11, 44, 71, 7);
insert into order_details (order_id, product_id, price_per_unit, quantity, discount) values (51, 4, 18, 89, 0);
insert into order_details (order_id, product_id, price_per_unit, quantity, discount) values (2, 22, 54, 25, 0);
insert into order_details (order_id, product_id, price_per_unit, quantity, discount) values (266, 2, 45, 76, 0);
insert into order_details (order_id, product_id, price_per_unit, quantity, discount) values (283, 29, 90, 23, 16);
insert into order_details (order_id, product_id, price_per_unit, quantity, discount) values (95, 13, 41, 61, 15);
insert into order_details (order_id, product_id, price_per_unit, quantity, discount) values (217, 14, 23, 69, 6);
insert into order_details (order_id, product_id, price_per_unit, quantity, discount) values (120, 13, 23, 78, 8);
insert into order_details (order_id, product_id, price_per_unit, quantity, discount) values (12, 2, 94, 73, 14);
insert into order_details (order_id, product_id, price_per_unit, quantity, discount) values (207, 19, 27, 96, 2);
insert into order_details (order_id, product_id, price_per_unit, quantity, discount) values (112, 24, 99, 2, 0);
insert into order_details (order_id, product_id, price_per_unit, quantity, discount) values (187, 27, 88, 85, 14);
insert into order_details (order_id, product_id, price_per_unit, quantity, discount) values (87, 3, 27, 19, 21);
insert into order_details (order_id, product_id, price_per_unit, quantity, discount) values (250, 19, 64, 85, 25);
insert into order_details (order_id, product_id, price_per_unit, quantity, discount) values (244, 3, 65, 83, 0);
insert into order_details (order_id, product_id, price_per_unit, quantity, discount) values (295, 6, 16, 15, 0);
insert into order_details (order_id, product_id, price_per_unit, quantity, discount) values (291, 18, 5, 43, 0);
insert into order_details (order_id, product_id, price_per_unit, quantity, discount) values (69, 13, 98, 95, 3);
insert into order_details (order_id, product_id, price_per_unit, quantity, discount) values (91, 23, 46, 3, 0);
insert into order_details (order_id, product_id, price_per_unit, quantity, discount) values (258, 14, 27, 30, 0);
insert into order_details (order_id, product_id, price_per_unit, quantity, discount) values (119, 1, 67, 55, 4);
insert into order_details (order_id, product_id, price_per_unit, quantity, discount) values (223, 17, 56, 88, 9);
insert into order_details (order_id, product_id, price_per_unit, quantity, discount) values (149, 17, 51, 94, 13);
insert into order_details (order_id, product_id, price_per_unit, quantity, discount) values (279, 15, 31, 90, 25);
insert into order_details (order_id, product_id, price_per_unit, quantity, discount) values (205, 25, 76, 95, 4);
insert into order_details (order_id, product_id, price_per_unit, quantity, discount) values (173, 16, 78, 18, 15);
insert into order_details (order_id, product_id, price_per_unit, quantity, discount) values (60, 25, 92, 74, 0);
insert into order_details (order_id, product_id, price_per_unit, quantity, discount) values (54, 28, 67, 65, 2);
insert into order_details (order_id, product_id, price_per_unit, quantity, discount) values (73, 23, 14, 4, 0);
insert into order_details (order_id, product_id, price_per_unit, quantity, discount) values (8, 19, 22, 48, 0);
insert into order_details (order_id, product_id, price_per_unit, quantity, discount) values (235, 4, 57, 32, 17);
insert into order_details (order_id, product_id, price_per_unit, quantity, discount) values (15, 10, 99, 20, 0);
insert into order_details (order_id, product_id, price_per_unit, quantity, discount) values (210, 16, 87, 58, 23);
insert into order_details (order_id, product_id, price_per_unit, quantity, discount) values (188, 4, 28, 11, 3);
insert into order_details (order_id, product_id, price_per_unit, quantity, discount) values (198, 4, 10, 10, 0);
insert into order_details (order_id, product_id, price_per_unit, quantity, discount) values (200, 1, 58, 78, 1);
insert into order_details (order_id, product_id, price_per_unit, quantity, discount) values (220, 7, 32, 58, 0);
insert into order_details (order_id, product_id, price_per_unit, quantity, discount) values (39, 11, 73, 27, 0);
insert into order_details (order_id, product_id, price_per_unit, quantity, discount) values (242, 11, 8, 37, 14);
insert into order_details (order_id, product_id, price_per_unit, quantity, discount) values (262, 15, 34, 28, 0);
insert into order_details (order_id, product_id, price_per_unit, quantity, discount) values (91, 6, 58, 81, 5);
insert into order_details (order_id, product_id, price_per_unit, quantity, discount) values (287, 18, 47, 50, 2);
insert into order_details (order_id, product_id, price_per_unit, quantity, discount) values (55, 17, 90, 23, 16);
insert into order_details (order_id, product_id, price_per_unit, quantity, discount) values (71, 13, 6, 40, 0);
insert into order_details (order_id, product_id, price_per_unit, quantity, discount) values (23, 8, 24, 88, 0);
insert into order_details (order_id, product_id, price_per_unit, quantity, discount) values (298, 28, 24, 81, 6);
insert into order_details (order_id, product_id, price_per_unit, quantity, discount) values (290, 12, 96, 72, 7);
insert into order_details (order_id, product_id, price_per_unit, quantity, discount) values (272, 17, 86, 57, 0);
insert into order_details (order_id, product_id, price_per_unit, quantity, discount) values (99, 21, 33, 4, 0);
insert into order_details (order_id, product_id, price_per_unit, quantity, discount) values (74, 25, 15, 16, 0);
insert into order_details (order_id, product_id, price_per_unit, quantity, discount) values (241, 21, 16, 39, 0);
insert into order_details (order_id, product_id, price_per_unit, quantity, discount) values (203, 19, 51, 55, 5);
insert into order_details (order_id, product_id, price_per_unit, quantity, discount) values (192, 22, 13, 14, 5);
insert into order_details (order_id, product_id, price_per_unit, quantity, discount) values (287, 13, 57, 43, 0);
insert into order_details (order_id, product_id, price_per_unit, quantity, discount) values (252, 10, 28, 43, 1);
insert into order_details (order_id, product_id, price_per_unit, quantity, discount) values (22, 28, 23, 44, 17);
insert into order_details (order_id, product_id, price_per_unit, quantity, discount) values (50, 11, 77, 12, 19);
insert into order_details (order_id, product_id, price_per_unit, quantity, discount) values (268, 17, 63, 17, 0);
insert into order_details (order_id, product_id, price_per_unit, quantity, discount) values (299, 12, 17, 68, 21);
insert into order_details (order_id, product_id, price_per_unit, quantity, discount) values (82, 13, 38, 20, 0);
insert into order_details (order_id, product_id, price_per_unit, quantity, discount) values (79, 2, 19, 32, 1);
insert into order_details (order_id, product_id, price_per_unit, quantity, discount) values (202, 29, 88, 6, 0);
insert into order_details (order_id, product_id, price_per_unit, quantity, discount) values (262, 14, 68, 91, 0);
insert into order_details (order_id, product_id, price_per_unit, quantity, discount) values (6, 16, 56, 74, 0);
insert into order_details (order_id, product_id, price_per_unit, quantity, discount) values (121, 2, 5, 100, 12);
insert into order_details (order_id, product_id, price_per_unit, quantity, discount) values (151, 6, 3, 15, 0);
insert into order_details (order_id, product_id, price_per_unit, quantity, discount) values (274, 23, 35, 99, 9);
insert into order_details (order_id, product_id, price_per_unit, quantity, discount) values (272, 2, 48, 4, 0);
insert into order_details (order_id, product_id, price_per_unit, quantity, discount) values (258, 12, 68, 82, 0);
insert into order_details (order_id, product_id, price_per_unit, quantity, discount) values (75, 1, 68, 90, 22);
insert into order_details (order_id, product_id, price_per_unit, quantity, discount) values (223, 4, 96, 42, 0);
insert into order_details (order_id, product_id, price_per_unit, quantity, discount) values (187, 26, 96, 63, 0);
insert into order_details (order_id, product_id, price_per_unit, quantity, discount) values (125, 28, 36, 93, 0);
insert into order_details (order_id, product_id, price_per_unit, quantity, discount) values (284, 19, 70, 71, 0);
insert into order_details (order_id, product_id, price_per_unit, quantity, discount) values (24, 2, 37, 49, 0);
insert into order_details (order_id, product_id, price_per_unit, quantity, discount) values (130, 11, 27, 62, 0);
insert into order_details (order_id, product_id, price_per_unit, quantity, discount) values (179, 17, 43, 97, 0);
insert into order_details (order_id, product_id, price_per_unit, quantity, discount) values (27, 3, 23, 51, 17);
insert into order_details (order_id, product_id, price_per_unit, quantity, discount) values (71, 29, 80, 99, 15);
insert into order_details (order_id, product_id, price_per_unit, quantity, discount) values (212, 12, 74, 44, 0);
insert into order_details (order_id, product_id, price_per_unit, quantity, discount) values (109, 14, 29, 50, 0);
insert into order_details (order_id, product_id, price_per_unit, quantity, discount) values (61, 2, 27, 79, 24);
insert into order_details (order_id, product_id, price_per_unit, quantity, discount) values (213, 20, 95, 11, 0);
insert into order_details (order_id, product_id, price_per_unit, quantity, discount) values (48, 22, 28, 13, 3);
insert into order_details (order_id, product_id, price_per_unit, quantity, discount) values (292, 3, 2, 82, 23);
insert into order_details (order_id, product_id, price_per_unit, quantity, discount) values (110, 8, 76, 71, 7);
insert into order_details (order_id, product_id, price_per_unit, quantity, discount) values (177, 9, 34, 6, 19);
insert into order_details (order_id, product_id, price_per_unit, quantity, discount) values (90, 15, 68, 32, 0);
insert into order_details (order_id, product_id, price_per_unit, quantity, discount) values (298, 21, 67, 94, 10);
insert into order_details (order_id, product_id, price_per_unit, quantity, discount) values (200, 23, 84, 28, 12);
insert into order_details (order_id, product_id, price_per_unit, quantity, discount) values (68, 21, 27, 6, 0);
insert into order_details (order_id, product_id, price_per_unit, quantity, discount) values (103, 21, 34, 19, 16);
insert into order_details (order_id, product_id, price_per_unit, quantity, discount) values (32, 17, 48, 18, 0);
insert into order_details (order_id, product_id, price_per_unit, quantity, discount) values (223, 12, 48, 71, 0);
insert into order_details (order_id, product_id, price_per_unit, quantity, discount) values (286, 7, 83, 42, 0);
insert into order_details (order_id, product_id, price_per_unit, quantity, discount) values (91, 1, 89, 23, 6);
insert into order_details (order_id, product_id, price_per_unit, quantity, discount) values (267, 22, 35, 76, 2);
insert into order_details (order_id, product_id, price_per_unit, quantity, discount) values (148, 20, 31, 33, 0);
insert into order_details (order_id, product_id, price_per_unit, quantity, discount) values (300, 29, 2, 100, 0);
insert into order_details (order_id, product_id, price_per_unit, quantity, discount) values (163, 23, 17, 55, 0);
insert into order_details (order_id, product_id, price_per_unit, quantity, discount) values (164, 13, 72, 84, 9);
insert into order_details (order_id, product_id, price_per_unit, quantity, discount) values (102, 2, 15, 96, 24);
insert into order_details (order_id, product_id, price_per_unit, quantity, discount) values (223, 10, 66, 55, 0);
insert into order_details (order_id, product_id, price_per_unit, quantity, discount) values (12, 16, 77, 24, 0);
insert into order_details (order_id, product_id, price_per_unit, quantity, discount) values (144, 15, 13, 94, 17);
insert into order_details (order_id, product_id, price_per_unit, quantity, discount) values (37, 11, 80, 48, 0);
insert into order_details (order_id, product_id, price_per_unit, quantity, discount) values (16, 26, 34, 29, 6);
insert into order_details (order_id, product_id, price_per_unit, quantity, discount) values (242, 29, 3, 62, 8);
insert into order_details (order_id, product_id, price_per_unit, quantity, discount) values (209, 16, 1, 84, 8);
insert into order_details (order_id, product_id, price_per_unit, quantity, discount) values (234, 1, 59, 15, 13);
insert into order_details (order_id, product_id, price_per_unit, quantity, discount) values (95, 14, 46, 50, 14);
insert into order_details (order_id, product_id, price_per_unit, quantity, discount) values (67, 22, 31, 4, 0);
insert into order_details (order_id, product_id, price_per_unit, quantity, discount) values (108, 3, 52, 67, 0);
insert into order_details (order_id, product_id, price_per_unit, quantity, discount) values (216, 20, 79, 62, 0);
insert into order_details (order_id, product_id, price_per_unit, quantity, discount) values (9, 21, 24, 10, 16);
insert into order_details (order_id, product_id, price_per_unit, quantity, discount) values (59, 17, 80, 52, 0);
insert into order_details (order_id, product_id, price_per_unit, quantity, discount) values (187, 10, 52, 53, 0);
insert into order_details (order_id, product_id, price_per_unit, quantity, discount) values (270, 9, 80, 60, 0);
insert into order_details (order_id, product_id, price_per_unit, quantity, discount) values (258, 18, 93, 21, 4);
insert into order_details (order_id, product_id, price_per_unit, quantity, discount) values (134, 4, 87, 9, 14);
insert into order_details (order_id, product_id, price_per_unit, quantity, discount) values (30, 29, 31, 71, 13);
insert into order_details (order_id, product_id, price_per_unit, quantity, discount) values (74, 9, 38, 18, 16);
insert into order_details (order_id, product_id, price_per_unit, quantity, discount) values (136, 29, 95, 87, 22);
insert into order_details (order_id, product_id, price_per_unit, quantity, discount) values (22, 23, 15, 74, 0);
insert into order_details (order_id, product_id, price_per_unit, quantity, discount) values (234, 16, 46, 78, 0);
insert into order_details (order_id, product_id, price_per_unit, quantity, discount) values (62, 17, 51, 36, 1);
insert into order_details (order_id, product_id, price_per_unit, quantity, discount) values (80, 13, 4, 6, 10);
insert into order_details (order_id, product_id, price_per_unit, quantity, discount) values (254, 14, 92, 58, 11);
insert into order_details (order_id, product_id, price_per_unit, quantity, discount) values (47, 9, 42, 21, 22);
insert into order_details (order_id, product_id, price_per_unit, quantity, discount) values (74, 24, 58, 60, 21);
insert into order_details (order_id, product_id, price_per_unit, quantity, discount) values (172, 27, 89, 52, 0);
insert into order_details (order_id, product_id, price_per_unit, quantity, discount) values (91, 4, 56, 65, 0);
insert into order_details (order_id, product_id, price_per_unit, quantity, discount) values (55, 10, 84, 70, 0);
insert into order_details (order_id, product_id, price_per_unit, quantity, discount) values (245, 11, 82, 54, 25);
insert into order_details (order_id, product_id, price_per_unit, quantity, discount) values (26, 11, 91, 37, 0);
insert into order_details (order_id, product_id, price_per_unit, quantity, discount) values (269, 26, 24, 53, 24);
insert into order_details (order_id, product_id, price_per_unit, quantity, discount) values (52, 12, 67, 50, 21);
insert into order_details (order_id, product_id, price_per_unit, quantity, discount) values (187, 2, 42, 79, 0);
insert into order_details (order_id, product_id, price_per_unit, quantity, discount) values (235, 20, 26, 53, 7);
insert into order_details (order_id, product_id, price_per_unit, quantity, discount) values (33, 17, 26, 49, 0);
insert into order_details (order_id, product_id, price_per_unit, quantity, discount) values (253, 7, 6, 35, 0);
insert into order_details (order_id, product_id, price_per_unit, quantity, discount) values (57, 11, 62, 44, 0);
insert into order_details (order_id, product_id, price_per_unit, quantity, discount) values (231, 11, 81, 8, 11);
insert into order_details (order_id, product_id, price_per_unit, quantity, discount) values (272, 16, 17, 88, 0);
insert into order_details (order_id, product_id, price_per_unit, quantity, discount) values (192, 8, 10, 30, 22);
insert into order_details (order_id, product_id, price_per_unit, quantity, discount) values (267, 18, 7, 23, 0);
insert into order_details (order_id, product_id, price_per_unit, quantity, discount) values (105, 27, 74, 42, 0);
insert into order_details (order_id, product_id, price_per_unit, quantity, discount) values (50, 23, 59, 27, 0);
insert into order_details (order_id, product_id, price_per_unit, quantity, discount) values (23, 18, 72, 33, 23);
insert into order_details (order_id, product_id, price_per_unit, quantity, discount) values (106, 15, 62, 48, 1);
insert into order_details (order_id, product_id, price_per_unit, quantity, discount) values (206, 3, 74, 60, 1);
insert into order_details (order_id, product_id, price_per_unit, quantity, discount) values (73, 24, 4, 53, 0);
insert into order_details (order_id, product_id, price_per_unit, quantity, discount) values (174, 13, 37, 87, 16);
insert into order_details (order_id, product_id, price_per_unit, quantity, discount) values (278, 11, 44, 24, 0);
insert into order_details (order_id, product_id, price_per_unit, quantity, discount) values (17, 26, 21, 88, 12);
insert into order_details (order_id, product_id, price_per_unit, quantity, discount) values (206, 11, 83, 11, 7);
insert into order_details (order_id, product_id, price_per_unit, quantity, discount) values (102, 8, 76, 40, 0);
insert into order_details (order_id, product_id, price_per_unit, quantity, discount) values (195, 22, 35, 12, 0);
insert into order_details (order_id, product_id, price_per_unit, quantity, discount) values (175, 23, 99, 78, 0);
insert into order_details (order_id, product_id, price_per_unit, quantity, discount) values (35, 13, 37, 94, 0);
insert into order_details (order_id, product_id, price_per_unit, quantity, discount) values (127, 26, 43, 65, 22);
insert into order_details (order_id, product_id, price_per_unit, quantity, discount) values (221, 5, 10, 17, 1);
insert into order_details (order_id, product_id, price_per_unit, quantity, discount) values (60, 24, 82, 60, 0);
insert into order_details (order_id, product_id, price_per_unit, quantity, discount) values (169, 8, 49, 36, 4);
insert into order_details (order_id, product_id, price_per_unit, quantity, discount) values (120, 4, 95, 79, 5);
insert into order_details (order_id, product_id, price_per_unit, quantity, discount) values (148, 30, 56, 96, 0);
insert into order_details (order_id, product_id, price_per_unit, quantity, discount) values (213, 7, 24, 11, 19);
insert into order_details (order_id, product_id, price_per_unit, quantity, discount) values (189, 1, 29, 80, 0);
insert into order_details (order_id, product_id, price_per_unit, quantity, discount) values (126, 11, 68, 2, 0);
insert into order_details (order_id, product_id, price_per_unit, quantity, discount) values (51, 1, 14, 88, 0);
insert into order_details (order_id, product_id, price_per_unit, quantity, discount) values (199, 12, 90, 54, 21);
insert into order_details (order_id, product_id, price_per_unit, quantity, discount) values (54, 29, 82, 93, 20);
insert into order_details (order_id, product_id, price_per_unit, quantity, discount) values (158, 4, 33, 57, 3);
insert into order_details (order_id, product_id, price_per_unit, quantity, discount) values (6, 4, 1, 88, 0);
insert into order_details (order_id, product_id, price_per_unit, quantity, discount) values (166, 22, 38, 5, 0);
insert into order_details (order_id, product_id, price_per_unit, quantity, discount) values (297, 24, 2, 14, 4);
insert into order_details (order_id, product_id, price_per_unit, quantity, discount) values (8, 9, 66, 95, 5);
insert into order_details (order_id, product_id, price_per_unit, quantity, discount) values (221, 1, 18, 27, 10);
insert into order_details (order_id, product_id, price_per_unit, quantity, discount) values (16, 29, 59, 62, 25);
insert into order_details (order_id, product_id, price_per_unit, quantity, discount) values (173, 2, 31, 48, 25);
insert into order_details (order_id, product_id, price_per_unit, quantity, discount) values (102, 23, 35, 68, 0);
insert into order_details (order_id, product_id, price_per_unit, quantity, discount) values (31, 13, 1, 74, 11);
insert into order_details (order_id, product_id, price_per_unit, quantity, discount) values (242, 18, 30, 33, 4);
insert into order_details (order_id, product_id, price_per_unit, quantity, discount) values (295, 4, 57, 11, 22);
insert into order_details (order_id, product_id, price_per_unit, quantity, discount) values (4, 27, 67, 37, 17);
insert into order_details (order_id, product_id, price_per_unit, quantity, discount) values (56, 28, 90, 25, 5);
insert into order_details (order_id, product_id, price_per_unit, quantity, discount) values (206, 28, 28, 35, 18);
insert into order_details (order_id, product_id, price_per_unit, quantity, discount) values (2, 4, 2, 66, 12);
insert into order_details (order_id, product_id, price_per_unit, quantity, discount) values (7, 30, 64, 30, 15);
insert into order_details (order_id, product_id, price_per_unit, quantity, discount) values (222, 1, 3, 94, 0);
insert into order_details (order_id, product_id, price_per_unit, quantity, discount) values (16, 13, 47, 10, 23);
insert into order_details (order_id, product_id, price_per_unit, quantity, discount) values (153, 28, 44, 55, 0);
insert into order_details (order_id, product_id, price_per_unit, quantity, discount) values (297, 10, 60, 44, 0);
insert into order_details (order_id, product_id, price_per_unit, quantity, discount) values (45, 29, 67, 19, 21);
insert into order_details (order_id, product_id, price_per_unit, quantity, discount) values (272, 26, 95, 89, 8);
insert into order_details (order_id, product_id, price_per_unit, quantity, discount) values (158, 19, 60, 21, 0);
insert into order_details (order_id, product_id, price_per_unit, quantity, discount) values (224, 28, 3, 30, 16);
insert into order_details (order_id, product_id, price_per_unit, quantity, discount) values (72, 6, 64, 51, 21);
insert into order_details (order_id, product_id, price_per_unit, quantity, discount) values (131, 26, 13, 23, 5);
insert into order_details (order_id, product_id, price_per_unit, quantity, discount) values (31, 18, 60, 33, 10);
insert into order_details (order_id, product_id, price_per_unit, quantity, discount) values (290, 4, 57, 80, 20);
insert into order_details (order_id, product_id, price_per_unit, quantity, discount) values (102, 27, 31, 65, 0);
insert into order_details (order_id, product_id, price_per_unit, quantity, discount) values (126, 23, 66, 13, 0);
insert into order_details (order_id, product_id, price_per_unit, quantity, discount) values (173, 11, 95, 77, 0);
insert into order_details (order_id, product_id, price_per_unit, quantity, discount) values (132, 26, 71, 60, 0);
insert into order_details (order_id, product_id, price_per_unit, quantity, discount) values (49, 3, 50, 54, 17);
insert into order_details (order_id, product_id, price_per_unit, quantity, discount) values (156, 23, 19, 52, 21);
insert into order_details (order_id, product_id, price_per_unit, quantity, discount) values (126, 6, 75, 84, 7);
insert into order_details (order_id, product_id, price_per_unit, quantity, discount) values (222, 12, 9, 65, 24);
insert into order_details (order_id, product_id, price_per_unit, quantity, discount) values (134, 15, 63, 80, 0);
insert into order_details (order_id, product_id, price_per_unit, quantity, discount) values (106, 25, 65, 92, 14);
insert into order_details (order_id, product_id, price_per_unit, quantity, discount) values (181, 1, 62, 65, 0);
insert into order_details (order_id, product_id, price_per_unit, quantity, discount) values (25, 2, 13, 100, 0);
insert into order_details (order_id, product_id, price_per_unit, quantity, discount) values (1, 2, 51, 28, 0);
insert into order_details (order_id, product_id, price_per_unit, quantity, discount) values (112, 28, 32, 85, 3);
insert into order_details (order_id, product_id, price_per_unit, quantity, discount) values (9, 6, 44, 44, 17);
insert into order_details (order_id, product_id, price_per_unit, quantity, discount) values (173, 5, 21, 10, 23);
insert into order_details (order_id, product_id, price_per_unit, quantity, discount) values (276, 28, 43, 52, 0);
insert into order_details (order_id, product_id, price_per_unit, quantity, discount) values (202, 25, 77, 67, 0);
insert into order_details (order_id, product_id, price_per_unit, quantity, discount) values (223, 5, 90, 51, 0);
insert into order_details (order_id, product_id, price_per_unit, quantity, discount) values (13, 19, 82, 14, 25);
insert into order_details (order_id, product_id, price_per_unit, quantity, discount) values (287, 15, 80, 18, 16);
insert into order_details (order_id, product_id, price_per_unit, quantity, discount) values (125, 25, 30, 71, 24);
insert into order_details (order_id, product_id, price_per_unit, quantity, discount) values (246, 3, 14, 42, 5);
insert into order_details (order_id, product_id, price_per_unit, quantity, discount) values (158, 1, 24, 64, 8);
insert into order_details (order_id, product_id, price_per_unit, quantity, discount) values (263, 22, 77, 49, 24);
insert into order_details (order_id, product_id, price_per_unit, quantity, discount) values (92, 22, 9, 1, 25);
insert into order_details (order_id, product_id, price_per_unit, quantity, discount) values (260, 3, 23, 23, 1);
insert into order_details (order_id, product_id, price_per_unit, quantity, discount) values (233, 30, 96, 25, 15);
insert into order_details (order_id, product_id, price_per_unit, quantity, discount) values (298, 20, 44, 89, 0);
insert into order_details (order_id, product_id, price_per_unit, quantity, discount) values (158, 16, 11, 1, 8);
insert into order_details (order_id, product_id, price_per_unit, quantity, discount) values (176, 15, 44, 6, 22);
insert into order_details (order_id, product_id, price_per_unit, quantity, discount) values (110, 9, 1, 47, 0);
insert into order_details (order_id, product_id, price_per_unit, quantity, discount) values (197, 27, 20, 1, 15);
insert into order_details (order_id, product_id, price_per_unit, quantity, discount) values (235, 12, 86, 13, 24);
insert into order_details (order_id, product_id, price_per_unit, quantity, discount) values (165, 19, 36, 34, 0);
insert into order_details (order_id, product_id, price_per_unit, quantity, discount) values (40, 2, 94, 97, 7);
insert into order_details (order_id, product_id, price_per_unit, quantity, discount) values (90, 19, 38, 13, 0);
insert into order_details (order_id, product_id, price_per_unit, quantity, discount) values (246, 19, 60, 55, 0);
insert into order_details (order_id, product_id, price_per_unit, quantity, discount) values (171, 23, 97, 6, 18);
insert into order_details (order_id, product_id, price_per_unit, quantity, discount) values (20, 22, 37, 54, 22);
insert into order_details (order_id, product_id, price_per_unit, quantity, discount) values (15, 13, 27, 20, 0);
insert into order_details (order_id, product_id, price_per_unit, quantity, discount) values (181, 13, 58, 94, 22);
insert into order_details (order_id, product_id, price_per_unit, quantity, discount) values (163, 14, 92, 9, 23);
insert into order_details (order_id, product_id, price_per_unit, quantity, discount) values (77, 13, 2, 97, 0);
insert into order_details (order_id, product_id, price_per_unit, quantity, discount) values (39, 7, 57, 24, 21);
insert into order_details (order_id, product_id, price_per_unit, quantity, discount) values (2, 10, 2, 84, 4);
insert into order_details (order_id, product_id, price_per_unit, quantity, discount) values (157, 13, 100, 17, 20);
insert into order_details (order_id, product_id, price_per_unit, quantity, discount) values (182, 1, 19, 46, 0);
insert into order_details (order_id, product_id, price_per_unit, quantity, discount) values (263, 17, 65, 51, 0);
insert into order_details (order_id, product_id, price_per_unit, quantity, discount) values (62, 30, 32, 61, 5);
insert into order_details (order_id, product_id, price_per_unit, quantity, discount) values (2, 11, 79, 25, 2);
insert into order_details (order_id, product_id, price_per_unit, quantity, discount) values (28, 11, 68, 70, 16);
insert into order_details (order_id, product_id, price_per_unit, quantity, discount) values (88, 4, 17, 82, 15);
insert into order_details (order_id, product_id, price_per_unit, quantity, discount) values (201, 17, 78, 11, 10);
insert into order_details (order_id, product_id, price_per_unit, quantity, discount) values (147, 16, 53, 44, 19);
insert into order_details (order_id, product_id, price_per_unit, quantity, discount) values (230, 7, 15, 75, 0);
insert into order_details (order_id, product_id, price_per_unit, quantity, discount) values (119, 23, 93, 81, 0);
insert into order_details (order_id, product_id, price_per_unit, quantity, discount) values (187, 1, 27, 96, 11);
insert into order_details (order_id, product_id, price_per_unit, quantity, discount) values (88, 21, 61, 56, 22);
insert into order_details (order_id, product_id, price_per_unit, quantity, discount) values (124, 4, 26, 26, 16);
insert into order_details (order_id, product_id, price_per_unit, quantity, discount) values (151, 23, 55, 37, 23);
insert into order_details (order_id, product_id, price_per_unit, quantity, discount) values (127, 9, 47, 86, 23);
insert into order_details (order_id, product_id, price_per_unit, quantity, discount) values (65, 20, 41, 95, 12);
insert into order_details (order_id, product_id, price_per_unit, quantity, discount) values (243, 11, 96, 71, 0);
insert into order_details (order_id, product_id, price_per_unit, quantity, discount) values (90, 21, 24, 54, 9);
insert into order_details (order_id, product_id, price_per_unit, quantity, discount) values (271, 30, 85, 61, 16);
insert into order_details (order_id, product_id, price_per_unit, quantity, discount) values (237, 11, 16, 100, 0);
insert into order_details (order_id, product_id, price_per_unit, quantity, discount) values (138, 25, 42, 44, 5);
insert into order_details (order_id, product_id, price_per_unit, quantity, discount) values (102, 28, 77, 47, 3);
insert into order_details (order_id, product_id, price_per_unit, quantity, discount) values (72, 17, 96, 75, 7);
insert into order_details (order_id, product_id, price_per_unit, quantity, discount) values (248, 12, 15, 78, 23);
insert into order_details (order_id, product_id, price_per_unit, quantity, discount) values (29, 12, 95, 58, 0);
insert into order_details (order_id, product_id, price_per_unit, quantity, discount) values (91, 9, 60, 37, 0);
insert into order_details (order_id, product_id, price_per_unit, quantity, discount) values (165, 28, 25, 18, 0);
insert into order_details (order_id, product_id, price_per_unit, quantity, discount) values (235, 16, 56, 31, 7);
insert into order_details (order_id, product_id, price_per_unit, quantity, discount) values (48, 16, 30, 16, 0);
insert into order_details (order_id, product_id, price_per_unit, quantity, discount) values (278, 24, 60, 16, 0);
insert into order_details (order_id, product_id, price_per_unit, quantity, discount) values (135, 7, 23, 8, 0);
insert into order_details (order_id, product_id, price_per_unit, quantity, discount) values (202, 11, 6, 28, 7);
insert into order_details (order_id, product_id, price_per_unit, quantity, discount) values (106, 14, 94, 57, 0);
insert into order_details (order_id, product_id, price_per_unit, quantity, discount) values (80, 1, 83, 19, 14);
insert into order_details (order_id, product_id, price_per_unit, quantity, discount) values (217, 19, 95, 66, 0);
insert into order_details (order_id, product_id, price_per_unit, quantity, discount) values (49, 12, 77, 77, 0);
insert into order_details (order_id, product_id, price_per_unit, quantity, discount) values (53, 8, 2, 60, 0);
insert into order_details (order_id, product_id, price_per_unit, quantity, discount) values (282, 12, 96, 23, 0);
insert into order_details (order_id, product_id, price_per_unit, quantity, discount) values (38, 21, 80, 59, 6);
insert into order_details (order_id, product_id, price_per_unit, quantity, discount) values (142, 29, 60, 65, 0);
insert into order_details (order_id, product_id, price_per_unit, quantity, discount) values (116, 15, 12, 36, 0);
insert into order_details (order_id, product_id, price_per_unit, quantity, discount) values (30, 24, 15, 55, 24);
insert into order_details (order_id, product_id, price_per_unit, quantity, discount) values (94, 5, 69, 8, 21);
insert into order_details (order_id, product_id, price_per_unit, quantity, discount) values (133, 15, 55, 70, 3);
insert into order_details (order_id, product_id, price_per_unit, quantity, discount) values (151, 10, 27, 7, 2);
insert into order_details (order_id, product_id, price_per_unit, quantity, discount) values (7, 29, 13, 38, 0);
insert into order_details (order_id, product_id, price_per_unit, quantity, discount) values (156, 30, 16, 96, 0);
insert into order_details (order_id, product_id, price_per_unit, quantity, discount) values (169, 6, 27, 20, 22);
insert into order_details (order_id, product_id, price_per_unit, quantity, discount) values (25, 11, 20, 53, 0);
insert into order_details (order_id, product_id, price_per_unit, quantity, discount) values (24, 24, 77, 84, 15);
insert into order_details (order_id, product_id, price_per_unit, quantity, discount) values (199, 30, 94, 23, 20);
insert into order_details (order_id, product_id, price_per_unit, quantity, discount) values (258, 11, 18, 54, 0);
insert into order_details (order_id, product_id, price_per_unit, quantity, discount) values (285, 5, 71, 40, 5);
insert into order_details (order_id, product_id, price_per_unit, quantity, discount) values (7, 4, 49, 94, 6);
insert into order_details (order_id, product_id, price_per_unit, quantity, discount) values (75, 8, 65, 98, 14);
insert into order_details (order_id, product_id, price_per_unit, quantity, discount) values (300, 1, 66, 65, 0);
insert into order_details (order_id, product_id, price_per_unit, quantity, discount) values (267, 10, 3, 86, 0);
insert into order_details (order_id, product_id, price_per_unit, quantity, discount) values (209, 30, 91, 51, 0);
insert into order_details (order_id, product_id, price_per_unit, quantity, discount) values (129, 13, 28, 74, 0);
insert into order_details (order_id, product_id, price_per_unit, quantity, discount) values (147, 17, 34, 49, 7);
insert into order_details (order_id, product_id, price_per_unit, quantity, discount) values (128, 15, 50, 56, 9);
insert into order_details (order_id, product_id, price_per_unit, quantity, discount) values (14, 30, 18, 31, 17);
insert into order_details (order_id, product_id, price_per_unit, quantity, discount) values (199, 21, 13, 6, 0);
insert into order_details (order_id, product_id, price_per_unit, quantity, discount) values (166, 5, 68, 47, 0);
insert into order_details (order_id, product_id, price_per_unit, quantity, discount) values (264, 5, 78, 22, 5);
insert into order_details (order_id, product_id, price_per_unit, quantity, discount) values (281, 21, 75, 62, 0);
insert into order_details (order_id, product_id, price_per_unit, quantity, discount) values (107, 26, 76, 55, 21);
insert into order_details (order_id, product_id, price_per_unit, quantity, discount) values (47, 3, 24, 42, 1);
insert into order_details (order_id, product_id, price_per_unit, quantity, discount) values (123, 12, 82, 32, 0);
insert into order_details (order_id, product_id, price_per_unit, quantity, discount) values (136, 7, 50, 60, 12);
insert into order_details (order_id, product_id, price_per_unit, quantity, discount) values (197, 16, 92, 32, 2);
insert into order_details (order_id, product_id, price_per_unit, quantity, discount) values (54, 5, 2, 41, 0);
insert into order_details (order_id, product_id, price_per_unit, quantity, discount) values (299, 13, 85, 47, 0);
insert into order_details (order_id, product_id, price_per_unit, quantity, discount) values (254, 6, 34, 39, 15);
insert into order_details (order_id, product_id, price_per_unit, quantity, discount) values (57, 8, 65, 15, 3);
insert into order_details (order_id, product_id, price_per_unit, quantity, discount) values (237, 15, 71, 28, 0);
insert into order_details (order_id, product_id, price_per_unit, quantity, discount) values (240, 24, 76, 23, 8);
insert into order_details (order_id, product_id, price_per_unit, quantity, discount) values (222, 6, 46, 22, 7);
insert into order_details (order_id, product_id, price_per_unit, quantity, discount) values (125, 20, 35, 18, 25);
insert into order_details (order_id, product_id, price_per_unit, quantity, discount) values (61, 10, 37, 13, 1);
insert into order_details (order_id, product_id, price_per_unit, quantity, discount) values (17, 14, 47, 74, 15);
insert into order_details (order_id, product_id, price_per_unit, quantity, discount) values (84, 20, 91, 1, 0);
insert into order_details (order_id, product_id, price_per_unit, quantity, discount) values (124, 14, 75, 67, 5);
insert into order_details (order_id, product_id, price_per_unit, quantity, discount) values (174, 23, 56, 8, 4);
insert into order_details (order_id, product_id, price_per_unit, quantity, discount) values (72, 23, 97, 34, 2);
insert into order_details (order_id, product_id, price_per_unit, quantity, discount) values (254, 8, 76, 31, 11);
insert into order_details (order_id, product_id, price_per_unit, quantity, discount) values (232, 18, 86, 29, 14);
insert into order_details (order_id, product_id, price_per_unit, quantity, discount) values (235, 7, 16, 25, 0);
insert into order_details (order_id, product_id, price_per_unit, quantity, discount) values (4, 18, 99, 44, 3);
insert into order_details (order_id, product_id, price_per_unit, quantity, discount) values (24, 3, 11, 64, 0);
insert into order_details (order_id, product_id, price_per_unit, quantity, discount) values (44, 5, 26, 45, 0);
insert into order_details (order_id, product_id, price_per_unit, quantity, discount) values (94, 11, 9, 10, 0);
insert into order_details (order_id, product_id, price_per_unit, quantity, discount) values (82, 5, 15, 65, 23);
insert into order_details (order_id, product_id, price_per_unit, quantity, discount) values (134, 27, 16, 99, 0);
insert into order_details (order_id, product_id, price_per_unit, quantity, discount) values (86, 20, 91, 39, 6);
insert into order_details (order_id, product_id, price_per_unit, quantity, discount) values (55, 8, 75, 76, 8);
insert into order_details (order_id, product_id, price_per_unit, quantity, discount) values (161, 29, 68, 38, 7);
insert into order_details (order_id, product_id, price_per_unit, quantity, discount) values (228, 9, 64, 7, 1);
insert into order_details (order_id, product_id, price_per_unit, quantity, discount) values (144, 18, 53, 91, 0);
insert into order_details (order_id, product_id, price_per_unit, quantity, discount) values (124, 23, 49, 69, 25);
insert into order_details (order_id, product_id, price_per_unit, quantity, discount) values (26, 10, 18, 51, 11);
insert into order_details (order_id, product_id, price_per_unit, quantity, discount) values (218, 15, 75, 36, 11);
insert into order_details (order_id, product_id, price_per_unit, quantity, discount) values (15, 16, 100, 40, 0);
insert into order_details (order_id, product_id, price_per_unit, quantity, discount) values (265, 1, 58, 39, 0);
insert into order_details (order_id, product_id, price_per_unit, quantity, discount) values (292, 17, 92, 71, 0);
insert into order_details (order_id, product_id, price_per_unit, quantity, discount) values (70, 3, 73, 83, 8);
insert into order_details (order_id, product_id, price_per_unit, quantity, discount) values (33, 12, 51, 79, 10);
insert into order_details (order_id, product_id, price_per_unit, quantity, discount) values (1, 15, 18, 20, 8);
insert into order_details (order_id, product_id, price_per_unit, quantity, discount) values (270, 2, 98, 44, 0);
insert into order_details (order_id, product_id, price_per_unit, quantity, discount) values (265, 5, 40, 75, 0);
insert into order_details (order_id, product_id, price_per_unit, quantity, discount) values (19, 8, 39, 23, 5);
insert into order_details (order_id, product_id, price_per_unit, quantity, discount) values (95, 26, 69, 83, 6);
insert into order_details (order_id, product_id, price_per_unit, quantity, discount) values (273, 17, 25, 58, 14);
insert into order_details (order_id, product_id, price_per_unit, quantity, discount) values (140, 25, 95, 9, 13);
insert into order_details (order_id, product_id, price_per_unit, quantity, discount) values (271, 13, 27, 30, 10);
insert into order_details (order_id, product_id, price_per_unit, quantity, discount) values (143, 14, 60, 75, 0);
insert into order_details (order_id, product_id, price_per_unit, quantity, discount) values (218, 20, 87, 10, 5);
insert into order_details (order_id, product_id, price_per_unit, quantity, discount) values (114, 2, 67, 26, 0);
insert into order_details (order_id, product_id, price_per_unit, quantity, discount) values (183, 16, 57, 73, 3);
insert into order_details (order_id, product_id, price_per_unit, quantity, discount) values (249, 18, 6, 8, 23);
insert into order_details (order_id, product_id, price_per_unit, quantity, discount) values (159, 15, 13, 1, 17);
insert into order_details (order_id, product_id, price_per_unit, quantity, discount) values (35, 28, 71, 37, 1);
insert into order_details (order_id, product_id, price_per_unit, quantity, discount) values (68, 28, 93, 65, 4);
insert into order_details (order_id, product_id, price_per_unit, quantity, discount) values (171, 19, 55, 72, 4);
insert into order_details (order_id, product_id, price_per_unit, quantity, discount) values (89, 15, 44, 98, 0);
insert into order_details (order_id, product_id, price_per_unit, quantity, discount) values (188, 25, 24, 69, 21);
insert into order_details (order_id, product_id, price_per_unit, quantity, discount) values (106, 29, 8, 45, 24);
insert into order_details (order_id, product_id, price_per_unit, quantity, discount) values (222, 4, 11, 65, 3);
insert into order_details (order_id, product_id, price_per_unit, quantity, discount) values (261, 28, 60, 9, 0);
insert into order_details (order_id, product_id, price_per_unit, quantity, discount) values (172, 7, 12, 42, 20);
insert into order_details (order_id, product_id, price_per_unit, quantity, discount) values (276, 1, 61, 41, 16);
insert into order_details (order_id, product_id, price_per_unit, quantity, discount) values (83, 12, 90, 99, 21);
insert into order_details (order_id, product_id, price_per_unit, quantity, discount) values (245, 28, 34, 75, 0);
insert into order_details (order_id, product_id, price_per_unit, quantity, discount) values (128, 11, 21, 82, 9);
insert into order_details (order_id, product_id, price_per_unit, quantity, discount) values (120, 29, 48, 9, 18);
insert into order_details (order_id, product_id, price_per_unit, quantity, discount) values (209, 6, 2, 95, 17);
insert into order_details (order_id, product_id, price_per_unit, quantity, discount) values (128, 17, 73, 23, 0);
insert into order_details (order_id, product_id, price_per_unit, quantity, discount) values (33, 24, 31, 53, 21);
insert into order_details (order_id, product_id, price_per_unit, quantity, discount) values (33, 21, 17, 96, 0);
insert into order_details (order_id, product_id, price_per_unit, quantity, discount) values (244, 28, 23, 1, 0);
insert into order_details (order_id, product_id, price_per_unit, quantity, discount) values (27, 26, 5, 7, 4);
insert into order_details (order_id, product_id, price_per_unit, quantity, discount) values (112, 26, 20, 94, 0);
insert into order_details (order_id, product_id, price_per_unit, quantity, discount) values (275, 23, 14, 9, 25);
insert into order_details (order_id, product_id, price_per_unit, quantity, discount) values (41, 21, 73, 72, 16);
insert into order_details (order_id, product_id, price_per_unit, quantity, discount) values (15, 23, 43, 15, 0);
insert into order_details (order_id, product_id, price_per_unit, quantity, discount) values (270, 18, 26, 93, 22);
insert into order_details (order_id, product_id, price_per_unit, quantity, discount) values (279, 12, 64, 89, 0);
insert into order_details (order_id, product_id, price_per_unit, quantity, discount) values (54, 26, 20, 12, 0);
insert into order_details (order_id, product_id, price_per_unit, quantity, discount) values (218, 29, 29, 21, 2);
insert into order_details (order_id, product_id, price_per_unit, quantity, discount) values (22, 2, 77, 42, 0);
insert into order_details (order_id, product_id, price_per_unit, quantity, discount) values (103, 13, 10, 49, 0);
insert into order_details (order_id, product_id, price_per_unit, quantity, discount) values (193, 1, 71, 43, 23);
insert into order_details (order_id, product_id, price_per_unit, quantity, discount) values (138, 8, 34, 2, 0);
insert into order_details (order_id, product_id, price_per_unit, quantity, discount) values (196, 17, 52, 60, 13);
insert into order_details (order_id, product_id, price_per_unit, quantity, discount) values (136, 30, 9, 60, 0);
insert into order_details (order_id, product_id, price_per_unit, quantity, discount) values (222, 2, 38, 40, 0);
insert into order_details (order_id, product_id, price_per_unit, quantity, discount) values (222, 7, 64, 68, 0);
insert into order_details (order_id, product_id, price_per_unit, quantity, discount) values (28, 22, 10, 15, 21);
insert into order_details (order_id, product_id, price_per_unit, quantity, discount) values (165, 18, 44, 13, 11);
insert into order_details (order_id, product_id, price_per_unit, quantity, discount) values (117, 25, 30, 52, 0);
insert into order_details (order_id, product_id, price_per_unit, quantity, discount) values (273, 22, 28, 78, 0);
insert into order_details (order_id, product_id, price_per_unit, quantity, discount) values (214, 5, 6, 19, 0);
insert into order_details (order_id, product_id, price_per_unit, quantity, discount) values (296, 12, 78, 95, 3);
insert into order_details (order_id, product_id, price_per_unit, quantity, discount) values (41, 8, 13, 31, 14);
insert into order_details (order_id, product_id, price_per_unit, quantity, discount) values (81, 5, 94, 14, 0);
insert into order_details (order_id, product_id, price_per_unit, quantity, discount) values (159, 12, 8, 30, 4);
insert into order_details (order_id, product_id, price_per_unit, quantity, discount) values (299, 2, 36, 80, 0);
insert into order_details (order_id, product_id, price_per_unit, quantity, discount) values (133, 19, 13, 17, 16);
insert into order_details (order_id, product_id, price_per_unit, quantity, discount) values (154, 21, 76, 55, 0);
insert into order_details (order_id, product_id, price_per_unit, quantity, discount) values (48, 12, 71, 46, 0);
insert into order_details (order_id, product_id, price_per_unit, quantity, discount) values (25, 16, 38, 77, 0);
insert into order_details (order_id, product_id, price_per_unit, quantity, discount) values (222, 11, 16, 83, 12);
insert into order_details (order_id, product_id, price_per_unit, quantity, discount) values (66, 1, 46, 82, 0);
insert into order_details (order_id, product_id, price_per_unit, quantity, discount) values (65, 25, 93, 15, 7);
insert into order_details (order_id, product_id, price_per_unit, quantity, discount) values (198, 5, 4, 44, 16);
insert into order_details (order_id, product_id, price_per_unit, quantity, discount) values (69, 28, 53, 26, 23);
insert into order_details (order_id, product_id, price_per_unit, quantity, discount) values (118, 17, 26, 5, 14);
insert into order_details (order_id, product_id, price_per_unit, quantity, discount) values (37, 13, 32, 7, 0);
insert into order_details (order_id, product_id, price_per_unit, quantity, discount) values (55, 5, 19, 61, 9);
insert into order_details (order_id, product_id, price_per_unit, quantity, discount) values (196, 11, 4, 63, 0);
insert into order_details (order_id, product_id, price_per_unit, quantity, discount) values (101, 10, 17, 16, 0);
insert into order_details (order_id, product_id, price_per_unit, quantity, discount) values (20, 15, 39, 57, 10);
insert into order_details (order_id, product_id, price_per_unit, quantity, discount) values (75, 17, 25, 99, 20);
insert into order_details (order_id, product_id, price_per_unit, quantity, discount) values (232, 23, 96, 42, 9);
insert into order_details (order_id, product_id, price_per_unit, quantity, discount) values (201, 22, 3, 76, 7);
insert into order_details (order_id, product_id, price_per_unit, quantity, discount) values (12, 29, 79, 91, 0);
insert into order_details (order_id, product_id, price_per_unit, quantity, discount) values (19, 11, 40, 32, 3);
insert into order_details (order_id, product_id, price_per_unit, quantity, discount) values (98, 7, 86, 81, 0);
insert into order_details (order_id, product_id, price_per_unit, quantity, discount) values (11, 30, 4, 36, 10);
insert into order_details (order_id, product_id, price_per_unit, quantity, discount) values (118, 10, 94, 50, 24);
insert into order_details (order_id, product_id, price_per_unit, quantity, discount) values (58, 19, 86, 22, 12);
insert into order_details (order_id, product_id, price_per_unit, quantity, discount) values (93, 12, 51, 18, 20);
insert into order_details (order_id, product_id, price_per_unit, quantity, discount) values (248, 5, 49, 1, 0);
insert into order_details (order_id, product_id, price_per_unit, quantity, discount) values (148, 17, 60, 8, 25);
insert into order_details (order_id, product_id, price_per_unit, quantity, discount) values (183, 15, 61, 8, 0);
insert into order_details (order_id, product_id, price_per_unit, quantity, discount) values (181, 24, 60, 81, 0);
insert into order_details (order_id, product_id, price_per_unit, quantity, discount) values (29, 9, 77, 56, 0);
insert into order_details (order_id, product_id, price_per_unit, quantity, discount) values (288, 11, 4, 20, 0);
insert into order_details (order_id, product_id, price_per_unit, quantity, discount) values (200, 19, 68, 46, 0);
insert into order_details (order_id, product_id, price_per_unit, quantity, discount) values (122, 4, 55, 28, 0);
insert into order_details (order_id, product_id, price_per_unit, quantity, discount) values (65, 18, 34, 54, 11);
insert into order_details (order_id, product_id, price_per_unit, quantity, discount) values (5, 24, 92, 34, 0);
insert into order_details (order_id, product_id, price_per_unit, quantity, discount) values (245, 21, 85, 58, 7);
insert into order_details (order_id, product_id, price_per_unit, quantity, discount) values (217, 22, 54, 92, 0);
insert into order_details (order_id, product_id, price_per_unit, quantity, discount) values (1, 18, 86, 54, 15);
insert into order_details (order_id, product_id, price_per_unit, quantity, discount) values (12, 24, 30, 100, 0);
insert into order_details (order_id, product_id, price_per_unit, quantity, discount) values (297, 30, 18, 51, 0);
insert into order_details (order_id, product_id, price_per_unit, quantity, discount) values (292, 12, 35, 92, 2);
insert into order_details (order_id, product_id, price_per_unit, quantity, discount) values (1, 5, 6, 52, 15);
insert into order_details (order_id, product_id, price_per_unit, quantity, discount) values (144, 20, 79, 45, 13);
insert into order_details (order_id, product_id, price_per_unit, quantity, discount) values (270, 25, 67, 42, 6);
insert into order_details (order_id, product_id, price_per_unit, quantity, discount) values (116, 9, 79, 11, 7);
insert into order_details (order_id, product_id, price_per_unit, quantity, discount) values (260, 19, 85, 54, 9);
insert into order_details (order_id, product_id, price_per_unit, quantity, discount) values (103, 4, 64, 71, 5);
insert into order_details (order_id, product_id, price_per_unit, quantity, discount) values (240, 28, 17, 95, 11);
insert into order_details (order_id, product_id, price_per_unit, quantity, discount) values (251, 15, 63, 5, 15);
insert into order_details (order_id, product_id, price_per_unit, quantity, discount) values (201, 3, 31, 57, 0);
insert into order_details (order_id, product_id, price_per_unit, quantity, discount) values (169, 30, 26, 3, 21);
insert into order_details (order_id, product_id, price_per_unit, quantity, discount) values (159, 23, 13, 100, 14);
insert into order_details (order_id, product_id, price_per_unit, quantity, discount) values (129, 23, 55, 82, 13);
insert into order_details (order_id, product_id, price_per_unit, quantity, discount) values (254, 7, 5, 77, 24);
insert into order_details (order_id, product_id, price_per_unit, quantity, discount) values (83, 3, 59, 42, 7);
insert into order_details (order_id, product_id, price_per_unit, quantity, discount) values (195, 21, 39, 74, 24);
insert into order_details (order_id, product_id, price_per_unit, quantity, discount) values (84, 9, 45, 37, 0);
insert into order_details (order_id, product_id, price_per_unit, quantity, discount) values (151, 3, 5, 35, 0);
insert into order_details (order_id, product_id, price_per_unit, quantity, discount) values (73, 1, 54, 89, 24);
insert into order_details (order_id, product_id, price_per_unit, quantity, discount) values (49, 23, 13, 31, 0);
insert into order_details (order_id, product_id, price_per_unit, quantity, discount) values (270, 6, 100, 57, 0);
insert into order_details (order_id, product_id, price_per_unit, quantity, discount) values (169, 15, 62, 42, 0);
insert into order_details (order_id, product_id, price_per_unit, quantity, discount) values (29, 3, 89, 88, 14);
insert into order_details (order_id, product_id, price_per_unit, quantity, discount) values (195, 16, 47, 11, 8);
insert into order_details (order_id, product_id, price_per_unit, quantity, discount) values (47, 17, 80, 16, 21);
insert into order_details (order_id, product_id, price_per_unit, quantity, discount) values (160, 1, 76, 86, 11);
insert into order_details (order_id, product_id, price_per_unit, quantity, discount) values (149, 5, 15, 26, 0);
insert into order_details (order_id, product_id, price_per_unit, quantity, discount) values (178, 6, 48, 29, 11);
insert into order_details (order_id, product_id, price_per_unit, quantity, discount) values (1, 25, 3, 30, 11);
insert into order_details (order_id, product_id, price_per_unit, quantity, discount) values (33, 25, 58, 71, 0);
insert into order_details (order_id, product_id, price_per_unit, quantity, discount) values (51, 25, 49, 43, 19);
insert into order_details (order_id, product_id, price_per_unit, quantity, discount) values (201, 13, 88, 37, 21);
insert into order_details (order_id, product_id, price_per_unit, quantity, discount) values (2, 17, 35, 52, 22);
insert into order_details (order_id, product_id, price_per_unit, quantity, discount) values (213, 11, 84, 7, 0);
insert into order_details (order_id, product_id, price_per_unit, quantity, discount) values (115, 11, 34, 28, 20);
insert into order_details (order_id, product_id, price_per_unit, quantity, discount) values (169, 13, 58, 89, 19);
insert into order_details (order_id, product_id, price_per_unit, quantity, discount) values (296, 25, 6, 66, 21);
insert into order_details (order_id, product_id, price_per_unit, quantity, discount) values (220, 29, 72, 92, 0);
insert into order_details (order_id, product_id, price_per_unit, quantity, discount) values (266, 11, 93, 9, 7);
insert into order_details (order_id, product_id, price_per_unit, quantity, discount) values (84, 12, 3, 35, 0);
insert into order_details (order_id, product_id, price_per_unit, quantity, discount) values (150, 29, 58, 87, 11);
insert into order_details (order_id, product_id, price_per_unit, quantity, discount) values (261, 29, 23, 18, 0);
insert into order_details (order_id, product_id, price_per_unit, quantity, discount) values (72, 10, 98, 85, 15);
insert into order_details (order_id, product_id, price_per_unit, quantity, discount) values (88, 15, 44, 69, 20);
insert into order_details (order_id, product_id, price_per_unit, quantity, discount) values (104, 21, 33, 95, 21);
insert into order_details (order_id, product_id, price_per_unit, quantity, discount) values (26, 30, 54, 41, 13);
insert into order_details (order_id, product_id, price_per_unit, quantity, discount) values (247, 6, 87, 71, 5);
insert into order_details (order_id, product_id, price_per_unit, quantity, discount) values (129, 15, 6, 97, 0);
insert into order_details (order_id, product_id, price_per_unit, quantity, discount) values (186, 15, 9, 9, 0);
insert into order_details (order_id, product_id, price_per_unit, quantity, discount) values (36, 16, 44, 69, 6);
insert into order_details (order_id, product_id, price_per_unit, quantity, discount) values (3, 7, 69, 8, 4);
insert into order_details (order_id, product_id, price_per_unit, quantity, discount) values (120, 22, 39, 27, 0);
insert into order_details (order_id, product_id, price_per_unit, quantity, discount) values (254, 5, 29, 53, 0);
insert into order_details (order_id, product_id, price_per_unit, quantity, discount) values (108, 10, 62, 86, 0);
insert into order_details (order_id, product_id, price_per_unit, quantity, discount) values (43, 12, 48, 76, 16);
insert into order_details (order_id, product_id, price_per_unit, quantity, discount) values (2, 25, 38, 19, 0);
insert into order_details (order_id, product_id, price_per_unit, quantity, discount) values (158, 15, 82, 73, 12);
insert into order_details (order_id, product_id, price_per_unit, quantity, discount) values (33, 28, 46, 76, 16);
insert into order_details (order_id, product_id, price_per_unit, quantity, discount) values (145, 6, 8, 37, 23);
insert into order_details (order_id, product_id, price_per_unit, quantity, discount) values (214, 22, 44, 14, 0);
insert into order_details (order_id, product_id, price_per_unit, quantity, discount) values (263, 27, 13, 91, 23);
insert into order_details (order_id, product_id, price_per_unit, quantity, discount) values (258, 15, 65, 36, 0);
insert into order_details (order_id, product_id, price_per_unit, quantity, discount) values (136, 27, 84, 12, 19);
insert into order_details (order_id, product_id, price_per_unit, quantity, discount) values (82, 17, 67, 20, 5);
insert into order_details (order_id, product_id, price_per_unit, quantity, discount) values (196, 8, 61, 15, 20);
insert into order_details (order_id, product_id, price_per_unit, quantity, discount) values (268, 4, 49, 3, 0);
insert into order_details (order_id, product_id, price_per_unit, quantity, discount) values (2, 5, 62, 42, 0);
insert into order_details (order_id, product_id, price_per_unit, quantity, discount) values (210, 26, 14, 28, 11);
insert into order_details (order_id, product_id, price_per_unit, quantity, discount) values (26, 26, 79, 19, 0);
insert into order_details (order_id, product_id, price_per_unit, quantity, discount) values (50, 30, 7, 68, 5);
insert into order_details (order_id, product_id, price_per_unit, quantity, discount) values (186, 25, 70, 67, 12);
insert into order_details (order_id, product_id, price_per_unit, quantity, discount) values (140, 21, 28, 56, 0);
insert into order_details (order_id, product_id, price_per_unit, quantity, discount) values (217, 26, 89, 42, 0);
insert into order_details (order_id, product_id, price_per_unit, quantity, discount) values (129, 2, 74, 14, 0);
insert into order_details (order_id, product_id, price_per_unit, quantity, discount) values (92, 21, 8, 18, 0);
insert into order_details (order_id, product_id, price_per_unit, quantity, discount) values (103, 11, 54, 51, 7);
insert into order_details (order_id, product_id, price_per_unit, quantity, discount) values (83, 19, 14, 73, 23);
insert into order_details (order_id, product_id, price_per_unit, quantity, discount) values (210, 13, 14, 38, 0);
insert into order_details (order_id, product_id, price_per_unit, quantity, discount) values (193, 28, 62, 83, 0);
insert into order_details (order_id, product_id, price_per_unit, quantity, discount) values (298, 19, 80, 55, 0);
insert into order_details (order_id, product_id, price_per_unit, quantity, discount) values (172, 9, 62, 98, 11);
insert into order_details (order_id, product_id, price_per_unit, quantity, discount) values (189, 29, 98, 19, 19);
insert into order_details (order_id, product_id, price_per_unit, quantity, discount) values (193, 6, 80, 60, 19);
insert into order_details (order_id, product_id, price_per_unit, quantity, discount) values (167, 16, 11, 22, 7);
insert into order_details (order_id, product_id, price_per_unit, quantity, discount) values (2, 15, 25, 37, 9);
insert into order_details (order_id, product_id, price_per_unit, quantity, discount) values (49, 14, 66, 17, 0);
insert into order_details (order_id, product_id, price_per_unit, quantity, discount) values (201, 24, 14, 6, 6);
insert into order_details (order_id, product_id, price_per_unit, quantity, discount) values (174, 9, 25, 100, 23);
insert into order_details (order_id, product_id, price_per_unit, quantity, discount) values (298, 6, 88, 88, 25);
insert into order_details (order_id, product_id, price_per_unit, quantity, discount) values (91, 14, 49, 9, 0);
insert into order_details (order_id, product_id, price_per_unit, quantity, discount) values (66, 30, 34, 39, 4);
insert into order_details (order_id, product_id, price_per_unit, quantity, discount) values (58, 26, 38, 83, 5);
insert into order_details (order_id, product_id, price_per_unit, quantity, discount) values (57, 26, 53, 94, 7);
insert into order_details (order_id, product_id, price_per_unit, quantity, discount) values (211, 7, 85, 90, 0);
insert into order_details (order_id, product_id, price_per_unit, quantity, discount) values (40, 13, 87, 41, 10);
insert into order_details (order_id, product_id, price_per_unit, quantity, discount) values (218, 26, 1, 21, 0);
insert into order_details (order_id, product_id, price_per_unit, quantity, discount) values (189, 9, 8, 74, 1);
insert into order_details (order_id, product_id, price_per_unit, quantity, discount) values (3, 5, 16, 39, 6);
insert into order_details (order_id, product_id, price_per_unit, quantity, discount) values (278, 13, 45, 71, 13);
insert into order_details (order_id, product_id, price_per_unit, quantity, discount) values (287, 25, 17, 92, 17);
insert into order_details (order_id, product_id, price_per_unit, quantity, discount) values (168, 1, 40, 48, 0);
insert into order_details (order_id, product_id, price_per_unit, quantity, discount) values (51, 10, 100, 73, 24);
insert into order_details (order_id, product_id, price_per_unit, quantity, discount) values (141, 4, 82, 52, 6);
insert into order_details (order_id, product_id, price_per_unit, quantity, discount) values (2, 2, 69, 26, 12);
insert into order_details (order_id, product_id, price_per_unit, quantity, discount) values (131, 3, 88, 40, 12);
insert into order_details (order_id, product_id, price_per_unit, quantity, discount) values (1, 10, 72, 4, 11);
insert into order_details (order_id, product_id, price_per_unit, quantity, discount) values (296, 21, 83, 37, 14);
insert into order_details (order_id, product_id, price_per_unit, quantity, discount) values (27, 11, 29, 47, 0);
insert into order_details (order_id, product_id, price_per_unit, quantity, discount) values (190, 8, 54, 94, 0);
insert into order_details (order_id, product_id, price_per_unit, quantity, discount) values (259, 27, 41, 29, 15);
insert into order_details (order_id, product_id, price_per_unit, quantity, discount) values (176, 27, 68, 43, 22);
insert into order_details (order_id, product_id, price_per_unit, quantity, discount) values (35, 5, 1, 88, 0);
insert into order_details (order_id, product_id, price_per_unit, quantity, discount) values (214, 30, 80, 82, 0);
insert into order_details (order_id, product_id, price_per_unit, quantity, discount) values (289, 1, 98, 100, 2);
insert into order_details (order_id, product_id, price_per_unit, quantity, discount) values (11, 24, 7, 9, 1);
insert into order_details (order_id, product_id, price_per_unit, quantity, discount) values (181, 16, 47, 4, 17);
insert into order_details (order_id, product_id, price_per_unit, quantity, discount) values (233, 24, 66, 68, 3);
insert into order_details (order_id, product_id, price_per_unit, quantity, discount) values (64, 30, 73, 7, 14);
insert into order_details (order_id, product_id, price_per_unit, quantity, discount) values (12, 6, 94, 94, 0);
insert into order_details (order_id, product_id, price_per_unit, quantity, discount) values (43, 3, 78, 70, 0);
insert into order_details (order_id, product_id, price_per_unit, quantity, discount) values (240, 5, 1, 45, 25);
insert into order_details (order_id, product_id, price_per_unit, quantity, discount) values (188, 16, 85, 65, 21);
insert into order_details (order_id, product_id, price_per_unit, quantity, discount) values (296, 1, 61, 45, 12);
insert into order_details (order_id, product_id, price_per_unit, quantity, discount) values (13, 9, 64, 89, 9);
insert into order_details (order_id, product_id, price_per_unit, quantity, discount) values (19, 14, 47, 26, 5);
insert into order_details (order_id, product_id, price_per_unit, quantity, discount) values (156, 17, 51, 33, 0);
insert into order_details (order_id, product_id, price_per_unit, quantity, discount) values (110, 27, 15, 55, 24);
insert into order_details (order_id, product_id, price_per_unit, quantity, discount) values (225, 6, 91, 16, 0);
insert into order_details (order_id, product_id, price_per_unit, quantity, discount) values (29, 5, 17, 18, 3);
insert into order_details (order_id, product_id, price_per_unit, quantity, discount) values (206, 29, 68, 36, 22);
insert into order_details (order_id, product_id, price_per_unit, quantity, discount) values (150, 13, 62, 28, 11);
insert into order_details (order_id, product_id, price_per_unit, quantity, discount) values (21, 3, 23, 91, 25);
insert into order_details (order_id, product_id, price_per_unit, quantity, discount) values (172, 4, 1, 83, 19);
insert into order_details (order_id, product_id, price_per_unit, quantity, discount) values (199, 4, 59, 83, 2);
insert into order_details (order_id, product_id, price_per_unit, quantity, discount) values (48, 15, 76, 17, 8);
insert into order_details (order_id, product_id, price_per_unit, quantity, discount) values (99, 24, 76, 76, 0);
insert into order_details (order_id, product_id, price_per_unit, quantity, discount) values (251, 3, 4, 7, 4);
insert into order_details (order_id, product_id, price_per_unit, quantity, discount) values (260, 15, 3, 11, 11);
insert into order_details (order_id, product_id, price_per_unit, quantity, discount) values (119, 12, 51, 27, 25);
insert into order_details (order_id, product_id, price_per_unit, quantity, discount) values (40, 25, 52, 86, 0);
insert into order_details (order_id, product_id, price_per_unit, quantity, discount) values (268, 9, 42, 73, 0);
insert into order_details (order_id, product_id, price_per_unit, quantity, discount) values (239, 11, 42, 62, 5);
insert into order_details (order_id, product_id, price_per_unit, quantity, discount) values (149, 3, 43, 72, 0);
insert into order_details (order_id, product_id, price_per_unit, quantity, discount) values (9, 4, 60, 65, 11);
insert into order_details (order_id, product_id, price_per_unit, quantity, discount) values (272, 20, 44, 91, 0);
insert into order_details (order_id, product_id, price_per_unit, quantity, discount) values (140, 29, 6, 89, 24);
insert into order_details (order_id, product_id, price_per_unit, quantity, discount) values (243, 9, 8, 41, 0);
insert into order_details (order_id, product_id, price_per_unit, quantity, discount) values (85, 26, 95, 100, 7);
insert into order_details (order_id, product_id, price_per_unit, quantity, discount) values (189, 10, 66, 32, 0);
insert into order_details (order_id, product_id, price_per_unit, quantity, discount) values (264, 13, 51, 96, 12);
insert into order_details (order_id, product_id, price_per_unit, quantity, discount) values (66, 11, 86, 64, 1);
insert into order_details (order_id, product_id, price_per_unit, quantity, discount) values (76, 7, 76, 15, 11);
insert into order_details (order_id, product_id, price_per_unit, quantity, discount) values (220, 1, 79, 92, 0);
insert into order_details (order_id, product_id, price_per_unit, quantity, discount) values (262, 23, 20, 72, 3);
insert into order_details (order_id, product_id, price_per_unit, quantity, discount) values (275, 2, 48, 74, 2);
insert into order_details (order_id, product_id, price_per_unit, quantity, discount) values (214, 7, 65, 50, 18);
insert into order_details (order_id, product_id, price_per_unit, quantity, discount) values (164, 16, 84, 91, 0);
insert into order_details (order_id, product_id, price_per_unit, quantity, discount) values (87, 17, 97, 43, 19);
