set schema 'oltp';

insert into supplier (supplier_id, company_name, contact_person, "position", "address", city, region, postal_code, country, phone, fax) values (1, 'Trilia', 'eabsalom0@4shared.com', 'Analog Circuit Design manager', '808 Raven Junction', 'Taverny', 'Île-de-France', '95251 CEDEX', 'France', '+33 523 256 2393', '+1 349 931 1907');
insert into supplier (supplier_id, company_name, contact_person, "position", "address", city, region, postal_code, country, phone, fax) values (2, 'Ooba', 'jaudas1@baidu.com', 'Product Engineer', '46011 Glendale Point', 'Bordeaux', 'Aquitaine', '33100', 'France', '+33 717 509 4086', '+86 136 910 1174');
insert into supplier (supplier_id, company_name, contact_person, "position", "address", city, region, postal_code, country, phone, fax) values (3, 'Trudoo', 'lkinrade2@webeden.co.uk', 'Office Assistant I', '3 Jackson Circle', 'Barreiro', 'Viana do Castelo', '4950-642', 'Portugal', '+351 999 749 8159', '+994 182 229 8766');
insert into supplier (supplier_id, company_name, contact_person, "position", "address", city, region, postal_code, country, phone, fax) values (4, 'Brainlounge', 'icords3@mozilla.com', 'Environmental Tech', '47 Evergreen Way', 'La Rochelle', 'Poitou-Charentes', '17024 CEDEX 1', 'France', '+33 798 601 7196', '+86 542 849 2781');
insert into supplier (supplier_id, company_name, contact_person, "position", "address", city, region, postal_code, country, phone, fax) values (5, 'Cogidoo', 'pmacaughtrie4@apple.com', 'Business Systems Development Analyst', '201 Monument Junction', 'Stuttgart', 'Baden-Württemberg', '70567', 'Germany', '+49 133 678 3526', '+64 447 170 4951');
insert into supplier (supplier_id, company_name, contact_person, "position", "address", city, region, postal_code, country, phone, fax) values (6, 'Brainverse', 'jalliban5@pagesperso-orange.fr', 'Social Worker', '36804 Summit Street', 'Hayange', 'Lorraine', '57704 CEDEX', 'France', '+33 333 151 4608', '+63 243 646 0498');
insert into supplier (supplier_id, company_name, contact_person, "position", "address", city, region, postal_code, country, phone, fax) values (7, 'Linkbuzz', 'eschohier6@dropbox.com', 'Account Representative IV', '159 Fisk Crossing', 'Noyon', 'Picardie', '60406 CEDEX', 'France', '+33 505 789 1419', '+55 706 898 5776');
insert into supplier (supplier_id, company_name, contact_person, "position", "address", city, region, postal_code, country, phone, fax) values (8, 'Fivechat', 'mmacneillie7@mtv.com', 'Dental Hygienist', '19269 Red Cloud Park', 'Évry', 'Île-de-France', '91024 CEDEX', 'France', '+33 975 271 6081', '+98 462 948 9456');
insert into supplier (supplier_id, company_name, contact_person, "position", "address", city, region, postal_code, country, phone, fax) values (9, 'Tanoodle', 'pcossor8@globo.com', 'Health Coach I', '311 Arrowood Center', 'Abelheira', 'Lisboa', '2530-063', 'Portugal', '+351 173 198 1495', '+375 226 565 1319');
insert into supplier (supplier_id, company_name, contact_person, "position", "address", city, region, postal_code, country, phone, fax) values (10, 'Eare', 'aivashinnikov9@webeden.co.uk', 'Dental Hygienist', '59 Sundown Road', 'Almada', 'Setúbal', '2800-011', 'Portugal', '+351 208 153 4178', '+7 498 903 1462');
insert into supplier (supplier_id, company_name, contact_person, "position", "address", city, region, postal_code, country, phone, fax) values (11, 'Brainverse', 'woniansa@dell.com', 'Environmental Specialist', '7379 Valley Edge Crossing', 'Berlin', 'Berlin', '12437', 'Germany', '+49 195 112 1408', '+92 956 237 1385');
insert into supplier (supplier_id, company_name, contact_person, "position", "address", city, region, postal_code, country, phone, fax) values (12, 'Skimia', 'cpottb@nifty.com', 'Food Chemist', '21 Hoffman Drive', 'Cabanas de Viriato', 'Viseu', '3430-605', 'Portugal', '+351 644 179 2010', '+55 137 260 1652');
insert into supplier (supplier_id, company_name, contact_person, "position", "address", city, region, postal_code, country, phone, fax) values (13, 'Dazzlesphere', 'tmacleesec@amazon.co.uk', 'General Manager', '1 Butternut Crossing', 'Cabeça Gorda', 'Lisboa', '2530-333', 'Portugal', '+351 711 170 4657', '+86 743 848 3529');
insert into supplier (supplier_id, company_name, contact_person, "position", "address", city, region, postal_code, country, phone, fax) values (14, 'Zoozzy', 'jdegoeyd@economist.com', 'Human Resources Assistant IV', '15 Anniversary Drive', 'Burgau', 'Faro', '8650-104', 'Portugal', '+351 244 372 8335', '+48 723 308 9358');
insert into supplier (supplier_id, company_name, contact_person, "position", "address", city, region, postal_code, country, phone, fax) values (15, 'Yozio', 'apoteburye@indiegogo.com', 'Human Resources Assistant II', '21808 Sheridan Pass', 'Ponta Delgada', 'Ilha de São Miguel', '9500-014', 'Portugal', '+351 413 453 6343', '+55 844 272 6422');

insert into category (category_id, category_name, "description") values (1, 'woodwork', 'Morbi odio odio, elementum eu, interdum eu, tincidunt in, leo.');
insert into category (category_id, category_name, "description") values (2, 'toys', null);
insert into category (category_id, category_name, "description") values (3, 'furniture', 'Nulla ac enim. In tempor, turpis nec euismod scelerisque, quam turpis adipiscing lorem, vitae mattis nibh ligula nec sem. Duis aliquam convallis nunc.');
insert into category (category_id, category_name, "description") values (4, 'tools', 'Proin eu mi. Nulla ac enim.');
insert into category (category_id, category_name, "description") values (5, 'vehicles', null);
insert into category (category_id, category_name, "description") values (6, 'foods', 'Integer aliquet, massa id lobortis convallis, tortor risus dapibus augue, vel accumsan tellus nisi eu orci. Mauris lacinia sapien quis libero.');
insert into category (category_id, category_name, "description") values (7, 'outdoors', 'Aliquam non mauris. Morbi non lectus.');
insert into category (category_id, category_name, "description") values (8, 'accessories', 'Proin risus. Praesent lectus. Vestibulum quam sapien, varius ut, blandit non, interdum in, ante.');
insert into category (category_id, category_name, "description") values (9, 'clothes', null);

insert into products (product_id, supplier_id, category_id, product, unit, unit_price, stock_quantity, stock_unit, minimum_quantity, discontinued) values (1, 6, 1, 'planks', 'm', 161, 4, 'm', 61, true);
insert into products (product_id, supplier_id, category_id, product, unit, unit_price, stock_quantity, stock_unit, minimum_quantity, discontinued) values (2, 29, 2, 'playstation', 'kg', 869, 57, 'kg', 43, true);
insert into products (product_id, supplier_id, category_id, product, unit, unit_price, stock_quantity, stock_unit, minimum_quantity, discontinued) values (3, 23, 3, 'kitchen table', 'kg', 567, 95, 'kg', 37, false);
insert into products (product_id, supplier_id, category_id, product, unit, unit_price, stock_quantity, stock_unit, minimum_quantity, discontinued) values (4, 34, 4, 'drill', 'kg', 737, 58, 'kg', 2, false);
insert into products (product_id, supplier_id, category_id, product, unit, unit_price, stock_quantity, stock_unit, minimum_quantity, discontinued) values (5, 68, 5, 'audi', 't', 308, 98, 't', 73, false);
insert into products (product_id, supplier_id, category_id, product, unit, unit_price, stock_quantity, stock_unit, minimum_quantity, discontinued) values (6, 71, 6, 'bread', 'g', 92, 29, 'g', 67, true);
insert into products (product_id, supplier_id, category_id, product, unit, unit_price, stock_quantity, stock_unit, minimum_quantity, discontinued) values (7, 66, 7, 'tent', 'g', 341, 82, 'g', 97, false);
insert into products (product_id, supplier_id, category_id, product, unit, unit_price, stock_quantity, stock_unit, minimum_quantity, discontinued) values (8, 15, 8, 'watch', 'g', 175, 10, 'g', 43, false);
insert into products (product_id, supplier_id, category_id, product, unit, unit_price, stock_quantity, stock_unit, minimum_quantity, discontinued) values (9, 20, 9, 'tshirt-M', 'g', 990, 13, 'g', 1, true);
insert into products (product_id, supplier_id, category_id, product, unit, unit_price, stock_quantity, stock_unit, minimum_quantity, discontinued) values (10, 40, 1, 'bird house', 'kg', 252, 74, 'kg', 4, false);
insert into products (product_id, supplier_id, category_id, product, unit, unit_price, stock_quantity, stock_unit, minimum_quantity, discontinued) values (11, 37, 2, 'xbox', 'kg', 310, 54, 'kg', 68, false);
insert into products (product_id, supplier_id, category_id, product, unit, unit_price, stock_quantity, stock_unit, minimum_quantity, discontinued) values (12, 17, 3, 'couch', 'kg', 528, 90, 'kg', 14, false);
insert into products (product_id, supplier_id, category_id, product, unit, unit_price, stock_quantity, stock_unit, minimum_quantity, discontinued) values (13, 59, 4, 'saw', 'kg', 868, 68, 'kg', 43, true);
insert into products (product_id, supplier_id, category_id, product, unit, unit_price, stock_quantity, stock_unit, minimum_quantity, discontinued) values (14, 66, 5, 'bmw', 't', 701, 15, 't', 36, true);
insert into products (product_id, supplier_id, category_id, product, unit, unit_price, stock_quantity, stock_unit, minimum_quantity, discontinued) values (15, 93, 6, 'milk', 'l', 69, 65, 'l', 19, true);
insert into products (product_id, supplier_id, category_id, product, unit, unit_price, stock_quantity, stock_unit, minimum_quantity, discontinued) values (16, 70, 7, 'insect killer', 'ml', 385, 17, 'ml', 48, false);
insert into products (product_id, supplier_id, category_id, product, unit, unit_price, stock_quantity, stock_unit, minimum_quantity, discontinued) values (17, 37, 8, 'wristband', 'g', 348, 56, 'g', 89, false);
insert into products (product_id, supplier_id, category_id, product, unit, unit_price, stock_quantity, stock_unit, minimum_quantity, discontinued) values (18, 99, 9, 'tshirt-L', 'g', 107, 21, 'g', 34, false);
insert into products (product_id, supplier_id, category_id, product, unit, unit_price, stock_quantity, stock_unit, minimum_quantity, discontinued) values (19, 11, 1, 'shelf', 'kg', 248, 59, 'kg', 43, false);
insert into products (product_id, supplier_id, category_id, product, unit, unit_price, stock_quantity, stock_unit, minimum_quantity, discontinued) values (20, 24, 2, 'switch', 'kg', 287, 13, 'kg', 65, false);
insert into products (product_id, supplier_id, category_id, product, unit, unit_price, stock_quantity, stock_unit, minimum_quantity, discontinued) values (21, 31, 3, 'chair', 'kg', 192, 6, 'kg', 80, false);
insert into products (product_id, supplier_id, category_id, product, unit, unit_price, stock_quantity, stock_unit, minimum_quantity, discontinued) values (22, 78, 4, 'shovel', 'kg', 713, 28, 'kg', 7, true);
insert into products (product_id, supplier_id, category_id, product, unit, unit_price, stock_quantity, stock_unit, minimum_quantity, discontinued) values (23, 31, 5, 'volkswagen', 't', 764, 71, 't', 18, true);
insert into products (product_id, supplier_id, category_id, product, unit, unit_price, stock_quantity, stock_unit, minimum_quantity, discontinued) values (24, 88, 6, 'chockolate', 'g', 367, 100, 'g', 99, true);
insert into products (product_id, supplier_id, category_id, product, unit, unit_price, stock_quantity, stock_unit, minimum_quantity, discontinued) values (25, 87, 7, 'rucksack', 'g', 351, 26, 'g', 3, false);
insert into products (product_id, supplier_id, category_id, product, unit, unit_price, stock_quantity, stock_unit, minimum_quantity, discontinued) values (26, 37, 8, 'necklace', 'g', 575, 16, 'g', 6, false);
insert into products (product_id, supplier_id, category_id, product, unit, unit_price, stock_quantity, stock_unit, minimum_quantity, discontinued) values (27, 3, 9, 'tshirt-S', 'g', 301, 10, 'g', 32, true);
insert into products (product_id, supplier_id, category_id, product, unit, unit_price, stock_quantity, stock_unit, minimum_quantity, discontinued) values (28, 25, 1, 'table', 'kg', 826, 25, 'kg', 38, true);
insert into products (product_id, supplier_id, category_id, product, unit, unit_price, stock_quantity, stock_unit, minimum_quantity, discontinued) values (29, 70, 2, 'lego', 'pcs', 721, 58, 'pcs', 61, true);
insert into products (product_id, supplier_id, category_id, product, unit, unit_price, stock_quantity, stock_unit, minimum_quantity, discontinued) values (30, 77, 3, 'drawer', 'kg', 99, 94, 'kg', 18, false);

insert into customer (customer_id, company_name, contact_person, position, "address", city, region, postal_code, country, phone, fax) values (1, 'Meeveo', 'Wallace Blaymires', 'Teacher', '8731 Buena Vista Pass', 'Bouça', 'Porto', '4640-210', 'Portugal', '+351 (992) 850-7901', '+351 (259) 971-4062');
insert into customer (customer_id, company_name, contact_person, position, "address", city, region, postal_code, country, phone, fax) values (2, 'Thoughtstorm', 'Hana Deekes', 'Web Designer IV', '7483 Ryan Junction', 'Mönchengladbach', 'Nordrhein-Westfalen', '41199', 'Germany', '+49 (175) 232-1932', '+27 (285) 745-2483');
insert into customer (customer_id, company_name, contact_person, position, "address", city, region, postal_code, country, phone, fax) values (3, 'Youbridge', 'Gelya Schruyer', 'Account Coordinator', '0495 Truax Place', 'Berlin', 'Berlin', '13599', 'Germany', '+49 (381) 381-1468', '+1 (447) 760-1117');
insert into customer (customer_id, company_name, contact_person, position, "address", city, region, postal_code, country, phone, fax) values (4, 'Wikivu', 'Anabella Mulles', 'Software Consultant', '71617 Wayridge Parkway', 'Stuttgart', 'Baden-Württemberg', '70374', 'Germany', '+49 (803) 543-5181', '+380 (197) 820-2090');
insert into customer (customer_id, company_name, contact_person, position, "address", city, region, postal_code, country, phone, fax) values (5, 'Aimbo', 'Tommy Messiter', 'Administrative Assistant III', '356 Del Mar Parkway', 'Berlin', 'Berlin', '13088', 'Germany', '+49 (379) 938-2225', '+48 (770) 560-7758');
insert into customer (customer_id, company_name, contact_person, position, "address", city, region, postal_code, country, phone, fax) values (6, 'Photojam', 'Katusha Behrend', 'Marketing Assistant', '9817 Ludington Pass', 'Fiais da Beira', 'Coimbra', '3405-077', 'Portugal', '+351 (876) 995-3543', '+48 (481) 247-8119');
insert into customer (customer_id, company_name, contact_person, position, "address", city, region, postal_code, country, phone, fax) values (7, 'Lajo', 'Melisenda Mathissen', 'Data Coordiator', '63 Oakridge Circle', 'Santa Maria do Souto', 'Braga', '4800-260', 'Portugal', '+351 (350) 641-1052', '+63 (437) 414-9299');
insert into customer (customer_id, company_name, contact_person, position, "address", city, region, postal_code, country, phone, fax) values (8, 'Blogspan', 'Karol Tillman', 'Structural Engineer', '01 Loftsgordon Plaza', 'Insua', 'Viana do Castelo', '4930-250', 'Portugal', '+351 (755) 632-9279', '+62 (316) 341-9371');
insert into customer (customer_id, company_name, contact_person, position, "address", city, region, postal_code, country, phone, fax) values (9, 'Zooveo', 'Ludovico Soggee', 'Clinical Specialist', '80 Atwood Parkway', 'Vila Franca', 'Viana do Castelo', '4935-621', 'Portugal', '+351 (651) 590-0414', '+86 (335) 510-3773');
insert into customer (customer_id, company_name, contact_person, position, "address", city, region, postal_code, country, phone, fax) values (10, 'Zoozzy', 'Abelard Kovnot', 'Mechanical Systems Engineer', '727 Continental Center', 'Tapada das Mercês', 'Lisboa', '2725-528', 'Portugal', '+351 (855) 548-2816', '+86 (711) 497-7205');
insert into customer (customer_id, company_name, contact_person, position, "address", city, region, postal_code, country, phone, fax) values (11, 'Edgewire', 'Mirna Misken', 'Senior Editor', '382 Summerview Place', 'Remscheid', 'Nordrhein-Westfalen', '42897', 'Germany', '+49 (811) 479-0711', '+7 (945) 107-2895');
insert into customer (customer_id, company_name, contact_person, position, "address", city, region, postal_code, country, phone, fax) values (12, 'Eare', 'Rhiamon Grossman', 'Community Outreach Specialist', '80726 Claremont Center', 'Olival Basto', 'Lisboa', '2620-005', 'Portugal', '+351 (972) 995-7598', '+48 (326) 628-0269');
insert into customer (customer_id, company_name, contact_person, position, "address", city, region, postal_code, country, phone, fax) values (13, 'Browseblab', 'Flossie Foster-Smith', 'Technical Writer', '966 Tomscot Trail', 'Leipzig', 'Sachsen', '04109', 'Germany', '+49 (705) 540-7489', '+62 (714) 776-0912');
insert into customer (customer_id, company_name, contact_person, position, "address", city, region, postal_code, country, phone, fax) values (14, 'Meevee', 'L;urette Tytler', 'Web Developer II', '8223 Grasskamp Point', 'Valinhos', 'Porto', '4580-389', 'Portugal', '+351 (954) 534-8064', '+52 (952) 669-2994');
insert into customer (customer_id, company_name, contact_person, position, "address", city, region, postal_code, country, phone, fax) values (15, 'Avaveo', 'Joelle De Domenici', 'Food Chemist', '1170 Tennessee Place', 'Biscoitos', 'Ilha de São Jorge', '9850-068', 'Portugal', '+351 (447) 402-0232', '+389 (231) 137-3188');
insert into customer (customer_id, company_name, contact_person, position, "address", city, region, postal_code, country, phone, fax) values (16, 'Photospace', 'Calv Massot', 'Programmer III', '4354 Manley Park', 'Breia', 'Braga', '4830-433', 'Portugal', '+351 (278) 973-1493', '+63 (714) 683-8503');
insert into customer (customer_id, company_name, contact_person, position, "address", city, region, postal_code, country, phone, fax) values (17, 'Photobug', 'Bondy Perrottet', 'Pharmacist', '492 Tony Point', 'Almodôvar', 'Beja', '7700-015', 'Portugal', '+351 (252) 478-8647', '+46 (351) 275-6444');
insert into customer (customer_id, company_name, contact_person, position, "address", city, region, postal_code, country, phone, fax) values (18, 'Yakitri', 'Ricki Clendennen', 'Health Coach I', '361 Clove Center', 'Portela', 'Vila Real', '5050-365', 'Portugal', '+351 (181) 904-8203', '+7 (290) 640-1375');
insert into customer (customer_id, company_name, contact_person, position, "address", city, region, postal_code, country, phone, fax) values (19, 'Dazzlesphere', 'Reuven Allwright', 'Executive Secretary', '4297 Gerald Junction', 'São Marcos da Serra', 'Faro', '8375-254', 'Portugal', '+351 (745) 466-4225', '+1 (865) 819-2560');
insert into customer (customer_id, company_name, contact_person, position, "address", city, region, postal_code, country, phone, fax) values (20, 'Eare', 'Vikki Mounfield', 'Financial Analyst', '0 Donald Pass', 'Fátima', 'Santarém', '2495-555', 'Portugal', '+351 (151) 565-7114', '+63 (291) 884-4615');
insert into customer (customer_id, company_name, contact_person, position, "address", city, region, postal_code, country, phone, fax) values (21, 'Realfire', 'Gabbey Goodwin', 'Graphic Designer', '1602 Northwestern Court', 'Varge Mondar', 'Lisboa', '2635-483', 'Portugal', '+351 (266) 692-8187', '+57 (958) 673-0113');
insert into customer (customer_id, company_name, contact_person, position, "address", city, region, postal_code, country, phone, fax) values (22, 'Trunyx', 'Randie D''eath', 'Registered Nurse', '09 Mandrake Alley', 'Bergen op Zoom', 'Provincie Noord-Brabant', '4609', 'Netherlands', '+31 (210) 131-4793', '+95 (798) 225-6634');
insert into customer (customer_id, company_name, contact_person, position, "address", city, region, postal_code, country, phone, fax) values (23, 'Eidel', 'Jo ann Tilbey', 'Nurse Practicioner', '0 Mesta Hill', 'Várzea da Serra', 'Viseu', '3610-193', 'Portugal', '+351 (785) 709-7275', '+62 (597) 922-5981');
insert into customer (customer_id, company_name, contact_person, position, "address", city, region, postal_code, country, phone, fax) values (24, 'Layo', 'Ardra Meadows', 'Geologist IV', '26769 Superior Terrace', 'Nordeste', 'Ilha de São Miguel', '9630-145', 'Portugal', '+351 (866) 171-4268', '+86 (239) 964-8563');
insert into customer (customer_id, company_name, contact_person, position, "address", city, region, postal_code, country, phone, fax) values (25, 'Rhyloo', 'Svend Kloss', 'Chief Design Engineer', '23 Continental Way', 'Proença-a-Nova', 'Castelo Branco', '6150-405', 'Portugal', '+351 (281) 684-0997', '+237 (513) 654-6500');
insert into customer (customer_id, company_name, contact_person, position, "address", city, region, postal_code, country, phone, fax) values (26, 'Shufflester', 'Rock Skinley', 'Payment Adjustment Coordinator', '2 Dawn Alley', 'Constance', 'Porto', '4635-084', 'Portugal', '+351 (678) 519-6456', '+374 (825) 843-1892');
insert into customer (customer_id, company_name, contact_person, position, "address", city, region, postal_code, country, phone, fax) values (27, 'Dabvine', 'Emmet Doody', 'Analog Circuit Design manager', '00648 Lyons Park', 'Zambujal', 'Lisboa', '2785-549', 'Portugal', '+351 (750) 963-2317', '+7 (606) 143-2378');
insert into customer (customer_id, company_name, contact_person, position, "address", city, region, postal_code, country, phone, fax) values (28, 'Wordpedia', 'Ludovico Maudett', 'Marketing Manager', '462 Lien Plaza', 'Altares', 'Ilha Terceira', '9700-308', 'Portugal', '+351 (352) 724-0525', '+55 (703) 851-0303');
insert into customer (customer_id, company_name, contact_person, position, "address", city, region, postal_code, country, phone, fax) values (29, 'Edgeblab', 'Christian Traill', 'Associate Professor', '3570 Rusk Junction', 'Reguengos de Monsaraz', 'Évora', '7200-252', 'Portugal', '+351 (532) 679-2877', '+7 (624) 846-3718');
insert into customer (customer_id, company_name, contact_person, position, "address", city, region, postal_code, country, phone, fax) values (30, 'Eire', 'Terrye Christescu', 'Research Associate', '7248 Upham Court', 'Voorburg', 'Provincie Zuid-Holland', '2274', 'Netherlands', '+31 (942) 428-4825', '+86 (841) 875-0619');
insert into customer (customer_id, company_name, contact_person, position, "address", city, region, postal_code, country, phone, fax) values (31, 'Eazzy', 'Zack Durak', 'Operator', '69 Huxley Avenue', 'Venda do Valador', 'Lisboa', '2665-299', 'Portugal', '+351 (475) 312-7124', '+86 (587) 633-9187');
insert into customer (customer_id, company_name, contact_person, position, "address", city, region, postal_code, country, phone, fax) values (32, 'Skinder', 'Eugen Lapidus', 'Geological Engineer', '27163 Pepper Wood Terrace', 'Carvalhal Redondo', 'Viseu', '3525-405', 'Portugal', '+351 (739) 166-7429', '+86 (497) 801-3917');
insert into customer (customer_id, company_name, contact_person, position, "address", city, region, postal_code, country, phone, fax) values (33, 'Flashset', 'Zolly Matashkin', 'Pharmacist', '116 Huxley Court', 'Chãos', 'Braga', '4830-813', 'Portugal', '+351 (311) 272-4627', '+351 (778) 830-8888');
insert into customer (customer_id, company_name, contact_person, position, "address", city, region, postal_code, country, phone, fax) values (34, 'Realmix', 'Nikoletta Castelletto', 'Financial Advisor', '347 Coleman Junction', 'Chã', 'Santarém', '2435-091', 'Portugal', '+351 (162) 619-2603', '+20 (563) 846-4084');
insert into customer (customer_id, company_name, contact_person, position, "address", city, region, postal_code, country, phone, fax) values (35, 'Avamba', 'Amerigo Melluish', 'Tax Accountant', '9 Union Parkway', 'München', 'Bayern', '80337', 'Germany', '+49 (805) 221-4342', '+45 (813) 172-9181');
insert into customer (customer_id, company_name, contact_person, position, "address", city, region, postal_code, country, phone, fax) values (36, 'Shufflester', 'Theo Riditch', 'General Manager', '68 Miller Street', 'Fafe', 'Braga', '4820-009', 'Portugal', '+351 (941) 379-5562', '+351 (882) 858-4330');
insert into customer (customer_id, company_name, contact_person, position, "address", city, region, postal_code, country, phone, fax) values (37, 'Yata', 'Dexter Coulthard', 'Social Worker', '8340 Jenifer Parkway', 'Póvoa de Penela', 'Viseu', '3630-354', 'Portugal', '+351 (358) 333-2902', '+54 (297) 509-2104');
insert into customer (customer_id, company_name, contact_person, position, "address", city, region, postal_code, country, phone, fax) values (38, 'Brightbean', 'Elise Croyser', 'Research Assistant II', '722 Lakewood Gardens Lane', 'Vila do Bispo', 'Faro', '8650-409', 'Portugal', '+351 (456) 979-3283', '+7 (348) 255-0081');
insert into customer (customer_id, company_name, contact_person, position, "address", city, region, postal_code, country, phone, fax) values (39, 'Meevee', 'Danie McTaggart', 'Account Coordinator', '2705 Jenifer Circle', 'Lau', 'Setúbal', '2950-127', 'Portugal', '+351 (797) 646-2110', '+30 (524) 185-0382');
insert into customer (customer_id, company_name, contact_person, position, "address", city, region, postal_code, country, phone, fax) values (40, 'Npath', 'Stephana Goudie', 'Payment Adjustment Coordinator', '5 Blue Bill Park Terrace', 'København', 'Region Hovedstaden', '1770', 'Denmark', '+45 (234) 404-6703', '+84 (355) 580-4986');
insert into customer (customer_id, company_name, contact_person, position, "address", city, region, postal_code, country, phone, fax) values (41, 'Rhycero', 'Elga Stavers', 'Biostatistician III', '1652 Oneill Street', 'Santo Amaro', 'Ilha de São Jorge', '9800-325', 'Portugal', '+351 (825) 782-2472', '+62 (607) 406-7114');
insert into customer (customer_id, company_name, contact_person, position, "address", city, region, postal_code, country, phone, fax) values (42, 'Riffpedia', 'Doris Cumesky', 'Food Chemist', '74695 Dunning Center', 'Aachen', 'Nordrhein-Westfalen', '52080', 'Germany', '+49 (623) 237-8869', '+966 (774) 341-1146');
insert into customer (customer_id, company_name, contact_person, position, "address", city, region, postal_code, country, phone, fax) values (43, 'Demimbu', 'Alexia Jachimiak', 'GIS Technical Architect', '15 Bluestem Terrace', 'Vila Boa do Bispo', 'Porto', '4625-644', 'Portugal', '+351 (285) 132-1020', '+86 (465) 201-9262');
insert into customer (customer_id, company_name, contact_person, position, "address", city, region, postal_code, country, phone, fax) values (44, 'Realbuzz', 'Dare Larrett', 'Chief Design Engineer', '7 Golf View Point', 'Pedra Furada', 'Braga', '4755-393', 'Portugal', '+351 (277) 593-2327', '+7 (281) 104-6711');
insert into customer (customer_id, company_name, contact_person, position, "address", city, region, postal_code, country, phone, fax) values (45, 'Eabox', 'Deloria Stainton - Skinn', 'Software Consultant', '441 Clove Trail', 'Köln', 'Nordrhein-Westfalen', '51149', 'Germany', '+49 (102) 486-6793', '+48 (961) 411-0277');

insert into personnel (personnel_id, last_name, first_name, position, date_of_birth, hire_date, "address", city, region, postal_code, country, phone, phone_work, comment, supervisor_id) values (1, 'Kellet', 'Jerald', 'Quality Engineer', '2022-11-20', '2022-09-15', '2792 Hollow Ridge Circle', 'Wetzlar', 'Hessen', '35581', 'Germany', '+49 (252) 965-4362', '+261 (188) 208-8084', 'Nulla justo. Aliquam quis turpis eget elit sodales scelerisque. Mauris sit amet eros.', null);
insert into personnel (personnel_id, last_name, first_name, position, date_of_birth, hire_date, "address", city, region, postal_code, country, phone, phone_work, comment, supervisor_id) values (2, 'Durek', 'Rosanne', 'Speech Pathologist', '2022-08-13', '2023-01-21', '6 Eastlawn Plaza', 'Saarbrücken', 'Saarland', '66119', 'Germany', '+49 (297) 379-4407', '+420 (827) 584-1135', 'Nulla mollis molestie lorem. Quisque ut erat. Curabitur gravida nisi at nibh.', null);
insert into personnel (personnel_id, last_name, first_name, position, date_of_birth, hire_date, "address", city, region, postal_code, country, phone, phone_work, comment, supervisor_id) values (3, 'Narramore', 'Henka', 'Software Consultant', '2022-08-13', '2022-10-31', '344 Sloan Circle', 'Monsanto', 'Castelo Branco', '6060-089', 'Portugal', '+351 (618) 559-2894', '+86 (208) 154-4386', 'Duis at velit eu est congue elementum. In hac habitasse platea dictumst.', null);
insert into personnel (personnel_id, last_name, first_name, position, date_of_birth, hire_date, "address", city, region, postal_code, country, phone, phone_work, comment, supervisor_id) values (4, 'Trodler', 'Kendal', 'Staff Accountant III', '2023-02-20', '2022-10-14', '6174 Bayside Place', 'Bairro dos Marinheiros', 'Setúbal', '2950-691', 'Portugal', '+351 (153) 171-9957', '+33 (235) 691-5547', 'Sed ante. Vivamus tortor.', null);
insert into personnel (personnel_id, last_name, first_name, position, date_of_birth, hire_date, "address", city, region, postal_code, country, phone, phone_work, comment, supervisor_id) values (5, 'McGannon', 'Cathe', 'Community Outreach Specialist', '2022-07-17', '2022-09-12', '812 Merry Junction', 'Zambujeira', 'Lisboa', '2530-327', 'Portugal', '+351 (916) 471-8706', '+385 (122) 649-8846', 'Proin interdum mauris non ligula pellentesque ultrices. Phasellus id sapien in sapien iaculis congue.', 5);
insert into personnel (personnel_id, last_name, first_name, position, date_of_birth, hire_date, "address", city, region, postal_code, country, phone, phone_work, comment, supervisor_id) values (6, 'Giorgione', 'Hewet', 'Sales Associate', '2022-08-09', '2022-11-10', '4370 Dexter Parkway', 'Valtelheiro', 'Bragança', '5350-064', 'Portugal', '+351 (580) 723-4995', '+86 (702) 676-8396', null, null);
insert into personnel (personnel_id, last_name, first_name, position, date_of_birth, hire_date, "address", city, region, postal_code, country, phone, phone_work, comment, supervisor_id) values (7, 'Stacy', 'Inger', 'Software Test Engineer IV', '2022-06-16', '2022-04-01', '09 Maywood Lane', 'Carvalhais', 'Coimbra', '3040-662', 'Portugal', '+351 (135) 408-7297', '+63 (899) 263-6890', 'Fusce lacus purus, aliquet at, feugiat non, pretium quis, lectus.', null);
insert into personnel (personnel_id, last_name, first_name, position, date_of_birth, hire_date, "address", city, region, postal_code, country, phone, phone_work, comment, supervisor_id) values (8, 'Curbishley', 'Zebedee', 'Project Manager', '2022-12-04', '2022-10-10', '84 Bobwhite Circle', 'Bom Sucesso', 'Lisboa', '2615-284', 'Portugal', '+351 (210) 598-1978', '+86 (465) 751-2709', 'Nulla suscipit ligula in lacus.', 8);
insert into personnel (personnel_id, last_name, first_name, position, date_of_birth, hire_date, "address", city, region, postal_code, country, phone, phone_work, comment, supervisor_id) values (9, 'Antonovic', 'Simona', 'Senior Cost Accountant', '2022-12-24', '2022-09-26', '74605 Harper Court', 'Rios Frios', 'Coimbra', '3025-610', 'Portugal', '+351 (241) 414-2146', '+55 (821) 711-1498', null, null);
insert into personnel (personnel_id, last_name, first_name, position, date_of_birth, hire_date, "address", city, region, postal_code, country, phone, phone_work, comment, supervisor_id) values (10, 'MacAloren', 'Tabby', 'Office Assistant I', '2022-05-17', '2023-03-14', '0717 Mandrake Street', 'Rostock', 'Mecklenburg-Vorpommern', '18147', 'Germany', '+49 (647) 492-1748', '+27 (208) 403-0076', 'Suspendisse potenti.', null);
insert into personnel (personnel_id, last_name, first_name, position, date_of_birth, hire_date, "address", city, region, postal_code, country, phone, phone_work, comment, supervisor_id) values (11, 'Olivetti', 'Padget', 'Research Assistant IV', '2022-11-05', '2022-12-29', '9 Wayridge Plaza', 'Pontinha', 'Lisboa', '1675-007', 'Portugal', '+351 (536) 334-7653', '+51 (235) 631-6522', 'Donec diam neque, vestibulum eget, vulputate ut, ultrices vel, augue.', null);
insert into personnel (personnel_id, last_name, first_name, position, date_of_birth, hire_date, "address", city, region, postal_code, country, phone, phone_work, comment, supervisor_id) values (12, 'Scolland', 'Leopold', 'Quality Engineer', '2023-03-10', '2022-06-19', '90782 Lien Circle', 'Odeleite', 'Faro', '8950-355', 'Portugal', '+351 (528) 125-3720', '+86 (560) 423-0262', null, null);
insert into personnel (personnel_id, last_name, first_name, position, date_of_birth, hire_date, "address", city, region, postal_code, country, phone, phone_work, comment, supervisor_id) values (13, 'Simanenko', 'Oralia', 'VP Accounting', '2022-07-12', '2022-09-20', '01008 Boyd Parkway', 'Vinhais', 'Bragança', '5320-305', 'Portugal', '+351 (421) 123-1942', '+230 (605) 151-1462', 'Duis at velit eu est congue elementum. In hac habitasse platea dictumst. Morbi vestibulum, velit id pretium iaculis, diam erat fermentum justo, nec condimentum neque sapien placerat ante.', null);
insert into personnel (personnel_id, last_name, first_name, position, date_of_birth, hire_date, "address", city, region, postal_code, country, phone, phone_work, comment, supervisor_id) values (14, 'Blackford', 'Mordy', 'Sales Associate', '2022-03-20', '2022-05-30', '169 Pine View Trail', 'Zibreira', 'Santarém', '2350-833', 'Portugal', '+351 (839) 917-1027', '+358 (420) 290-5902', 'Proin risus. Praesent lectus.', null);
insert into personnel (personnel_id, last_name, first_name, position, date_of_birth, hire_date, "address", city, region, postal_code, country, phone, phone_work, comment, supervisor_id) values (15, 'Grigolashvill', 'Burton', 'Professor', '2022-12-09', '2023-01-07', '9582 Mendota Park', 'Calvão', 'Aveiro', '3840-045', 'Portugal', '+351 (491) 961-3445', '+1 (423) 934-2587', 'Sed ante.', null);

